Player Name,Likes,Pos,Salary,Team,Opp,RS,Pitcher Name,Pitcher wOBA,Pitcher wOBA Diff,Pitcher Handedness,Hitter Handedness,Hitter wOBA,Hitter wOBA Diff,Hitter ISO,Hitter ISO Diff,Batting Order (Confirmed),Batting Order (Projected),Batting Order Diff,Park Factor,Temperature Factor,Wind Factor,L10 FP,L80 FP,S FP,Floor FP,Ceil FP,Proj FP,Proj Val,Actual FP,Actual Val
George Springer,,OF,5900,HOU,@ARI,4.47,Gallen,0.288,-7%,R,R,0.368,-2%,0.238,0%,1,1,0,0%,0%,0%,9.5,9.0,9.0,1.2,16.8,8.7,1.5,0.0,0.0
Trevor Story,,SS,5900,COL,SF,6.43,Anderson,0.340,4%,L,R,0.415,7%,0.315,13%,2,2,0,11%,4%,0%,11.0,10.8,10.8,0.4,21.2,13.1,2.2,0.0,0.0
Jose Altuve,,2B,5800,HOU,@ARI,4.47,Gallen,0.288,-7%,R,R,0.365,-3%,0.178,-8%,2,2,0,1%,0%,0%,7.7,7.6,7.6,0.2,15.1,8.4,1.4,0.0,0.0
Mike Trout,,OF,5800,LAA,@SEA,4.51,Walker,0.308,-4%,R,R,0.453,4%,0.358,15%,2,2,0,-2%,-1%,0%,12.3,12.3,12.3,1.2,23.3,11.2,1.9,0.0,0.0
Whit Merrifield,,2B/OF,5700,KC,CHC,3.91,Chatwood,0.292,-7%,R,R,0.335,-3%,0.129,-15%,1,1,0,0%,1%,0%,9.7,9.0,9.0,-0.6,18.6,7.7,1.4,0.0,0.0
Mike Yastrzemski,,OF,5700,SF,@COL,5.07,Freeland,0.286,-7%,L,L,0.391,-3%,0.232,-14%,x,x,-,0%,0%,0%,12.7,11.2,11.2,2.3,20.0,0.0,0.0,0.0,0.0
Giancarlo Stanton,,OF,5600,NYY,@PHI,5.13,Eflin,0.304,-4%,R,R,0.340,-11%,0.210,-24%,4,4,0,9%,2%,3%,9.4,9.4,9.4,1.5,17.3,10.2,1.8,0.0,0.0
Alex Bregman,,3B,5600,HOU,@ARI,4.47,Gallen,0.288,-7%,R,R,0.393,-2%,0.249,-5%,3,3,0,0%,0%,0%,8.3,8.2,8.2,1.5,14.9,9.0,1.6,0.0,0.0
Nolan Arenado,,3B,5600,COL,SF,6.43,Anderson,0.340,4%,L,R,0.449,12%,0.332,19%,4,4,0,12%,5%,0%,8.1,7.5,7.5,1.1,14.0,13.2,2.4,0.0,0.0
Ronald Acuna Jr.,,OF,5500,ATL,TOR,4.64,Pearson,,-1%,R,R,0.371,-1%,0.236,-4%,1,1,0,1%,1%,0%,9.2,8.0,8.0,0.9,15.1,10.0,1.8,0.0,0.0
Charlie Blackmon,,OF,5500,COL,SF,6.43,Anderson,0.327,0%,L,L,0.378,0%,0.201,-9%,3,3,0,11%,4%,0%,9.7,8.8,8.8,1.7,15.9,10.6,1.9,0.0,0.0
Anthony Rendon,,3B,5500,LAA,@SEA,4.51,Walker,0.308,-4%,R,R,0.397,-1%,0.241,-4%,3,4,0,-4%,-1%,0%,7.6,7.6,7.6,0.8,14.4,8.3,1.5,0.0,0.0
Ramon Laureano,,OF,5400,OAK,TEX,5.07,Minor,0.300,-5%,L,R,0.347,0%,0.194,0%,2,2,0,-2%,0%,0%,8.5,10.0,10.0,0.9,19.1,8.3,1.5,0.0,0.0
Aaron Judge,,OF,5300,NYY,@PHI,5.13,Eflin,0.304,-4%,R,R,0.369,-4%,0.244,-4%,x,x,-,0%,0%,0%,14.6,14.4,14.4,3.3,25.4,0.0,0.0,0.0,0.0
Freddie Freeman,,1B,5300,ATL,TOR,4.64,Pearson,,1%,R,L,0.392,3%,0.233,4%,3,3,0,0%,1%,0%,8.3,7.4,7.4,-0.8,15.7,9.7,1.8,0.0,0.0
Matt Chapman,,3B,5300,OAK,TEX,5.07,Minor,0.300,-5%,L,R,0.348,-3%,0.220,-8%,3,4,0,-2%,0%,0%,6.3,6.1,6.1,-0.4,12.5,7.8,1.5,0.0,0.0
Ryan McMahon,,1B/2B,5200,COL,SF,6.43,Anderson,0.327,0%,L,L,0.339,-1%,0.223,-1%,6,6,0,10%,4%,0%,7.5,7.5,7.5,1.9,13.1,8.7,1.7,0.0,0.0
David Dahl,,OF,5200,COL,SF,6.43,Anderson,0.327,0%,L,L,0.340,-6%,0.184,-17%,1,1,0,11%,4%,0%,6.6,7.0,7.0,3.5,10.5,9.8,1.9,0.0,0.0
Ozzie Albies,,2B,5100,ATL,TOR,4.64,Pearson,,1%,R,S,0.313,-8%,0.179,-9%,x,x,-,0%,0%,0%,5.6,5.6,5.6,-4.0,15.2,0.0,0.0,0.0,0.0
Christian Yelich,,OF,5100,MIL,@CWS,4.45,Gonzalez,0.249,-16%,L,L,0.359,-11%,0.193,-26%,,2,,-3%,1%,-2%,4.3,4.3,4.3,-2.0,10.5,7.8,1.5,0.0,0.0
Omar Narvaez,,C,5100,MIL,@CWS,4.45,Gonzalez,0.249,-16%,L,L,0.316,-7%,0.093,-29%,,x,,0%,0%,0%,5.2,5.2,5.2,-0.7,11.1,0.0,0.0,0.0,0.0
Joey Gallo,,OF,5100,TEX,@OAK,3.93,Fiers,0.315,-2%,R,L,0.352,-3%,0.287,-5%,4,4,0,-11%,0%,0%,10.7,10.7,10.7,1.8,19.6,8.0,1.6,0.0,0.0
Donovan Solano,,2B/3B,5100,SF,@COL,5.07,Freeland,0.339,3%,L,R,0.355,3%,0.122,0%,3,6,1,30%,3%,0%,11.7,11.7,11.7,4.3,19.0,10.0,2.0,0.0,0.0
Daniel Murphy,,1B,5100,COL,SF,6.43,Anderson,0.327,0%,L,L,0.349,2%,0.174,-2%,x,x,-,0%,0%,0%,6.8,6.8,6.8,-1.1,14.7,0.0,0.0,0.0,0.0
Marcus Semien,,SS,5100,OAK,TEX,5.07,Minor,0.300,-5%,L,R,0.343,1%,0.208,9%,1,1,0,-2%,0%,0%,5.0,4.9,4.9,1.1,8.7,8.0,1.6,0.0,0.0
Bryce Harper,,OF,5000,PHI,NYY,4.37,Montgomery,0.253,-11%,L,L,0.360,-1%,0.227,-3%,3,3,0,2%,2%,2%,10.2,10.2,10.2,2.1,18.2,8.8,1.8,0.0,0.0
Anthony Rizzo,,1B,5000,CHC,@KC,5.09,Keller,0.319,-1%,R,L,0.390,5%,0.225,7%,2,2,0,2%,1%,0%,8.1,8.8,8.8,1.4,16.1,10.4,2.1,0.0,0.0
Ketel Marte,,2B,5000,ARI,HOU,4.53,Bielak,,1%,R,S,0.351,0%,0.195,-3%,1,1,0,3%,0%,0%,7.4,6.8,6.8,0.4,13.2,9.0,1.8,0.0,0.0
Jorge Alfaro,,C,5000,MIA,BAL,4.50,LeBlanc,0.321,-1%,L,R,0.307,1%,0.162,7%,x,x,-,0%,0%,0%,0.0,0.0,0.0,0.0,0.0,0.0,0.0,0.0,0.0
Wilmer Flores,,1B/2B,5000,SF,@COL,5.07,Freeland,0.339,3%,L,R,0.360,3%,0.238,21%,2,2,2,32%,4%,0%,7.8,7.4,7.4,1.0,13.7,11.7,2.3,0.0,0.0
Alex Dickerson,,OF,5000,SF,@COL,5.07,Freeland,0.286,-7%,L,L,0.295,-7%,0.123,-19%,x,x,-,0%,0%,0%,7.2,7.2,7.2,-1.8,16.2,0.0,0.0,0.0,0.0
Travis d'Arnaud,,C,4900,ATL,TOR,4.64,Pearson,,-1%,R,R,0.285,-5%,0.132,-12%,x,x,-,0%,0%,0%,11.4,11.4,11.4,0.1,22.7,0.0,0.0,0.0,0.0
Dansby Swanson,,SS,4900,ATL,TOR,4.64,Pearson,,-1%,R,R,0.308,0%,0.166,1%,2,2,2,1%,1%,0%,9.3,10.4,10.4,0.7,20.1,8.0,1.6,0.0,0.0
Marcell Ozuna,,OF,4900,ATL,TOR,4.64,Pearson,,-1%,R,R,0.325,-4%,0.176,-8%,4,4,0,1%,1%,0%,6.7,8.5,8.5,1.0,16.1,8.4,1.7,0.0,0.0
Jose Ramirez,,3B,4900,CLE,CIN,3.86,Castillo,0.320,-1%,R,S,0.379,3%,0.281,14%,2,2,0,2%,1%,-3%,5.3,8.2,8.2,-2.0,18.3,9.8,2.0,0.0,0.0
Keston Hiura,,2B,4900,MIL,@CWS,4.45,Gonzalez,0.317,-1%,L,R,0.289,-2%,0.120,-3%,,1,,-3%,1%,-2%,7.9,7.9,7.9,0.9,14.9,8.8,1.8,0.0,0.0
Mike Ford,,1B,4900,NYY,@PHI,5.13,Eflin,0.366,9%,R,L,0.324,0%,0.191,-1%,x,x,-,0%,0%,0%,3.0,3.0,3.0,0.0,6.0,0.0,0.0,0.0,0.0
Tyler Heineman,,C,4900,SF,@COL,5.07,Freeland,0.339,3%,L,S,,2%,,7%,x,x,-,0%,0%,0%,5.1,5.1,5.1,1.1,9.1,0.0,0.0,0.0,0.0
Shohei Ohtani,,1B/OF,4900,LAA,@SEA,4.51,Walker,0.312,-3%,R,L,0.392,6%,0.285,16%,4,x,0,-9%,-1%,0%,-1.0,-1.0,-1.0,-6.2,4.3,8.7,1.8,0.0,0.0
Gio Urshela,,3B,4800,NYY,@PHI,5.13,Eflin,0.304,-4%,R,R,0.359,2%,0.191,-1%,7,8,1,6%,2%,2%,10.7,10.7,10.7,2.8,18.6,8.1,1.7,0.0,0.0
Jose Abreu,,1B,4800,CWS,MIL,4.55,Lindblom,,-1%,R,R,0.321,-9%,0.206,-8%,3,3,0,-1%,1%,-2%,9.0,8.3,8.3,0.8,15.8,7.4,1.5,0.0,0.0
Cavan Biggio,,2B/OF,4800,TOR,@ATL,4.36,Toussaint,,-1%,R,L,0.350,3%,0.225,11%,2,2,0,0%,1%,0%,7.1,7.1,7.1,-0.2,14.4,8.4,1.8,0.0,0.0
Francisco Lindor,,SS,4800,CLE,CIN,3.86,Castillo,0.320,-1%,R,S,0.353,-1%,0.252,13%,3,3,0,3%,1%,-3%,8.1,7.0,7.0,0.6,13.4,9.0,1.9,0.0,0.0
Yasmani Grandal,,C,4800,CWS,MIL,4.55,Lindblom,,1%,R,S,0.355,1%,0.220,4%,4,4,0,-2%,1%,-2%,7.0,7.0,7.0,0.5,13.5,7.6,1.6,0.0,0.0
Mark Canha,,OF,4800,OAK,TEX,5.07,Minor,0.300,-5%,L,R,0.340,-2%,0.252,15%,4,3,1,-2%,0%,0%,8.7,8.2,8.2,2.6,13.7,7.3,1.5,0.0,0.0
Evan Longoria,,3B,4800,SF,@COL,5.07,Freeland,0.339,3%,L,R,0.314,3%,0.188,7%,4,5,1,35%,4%,0%,9.0,9.0,9.0,1.4,16.6,11.8,2.5,0.0,0.0
J.T. Realmuto,,C,4700,PHI,NYY,4.37,Montgomery,0.307,-4%,L,R,0.317,-7%,0.196,-5%,4,4,0,2%,2%,2%,10.8,10.8,10.8,0.3,21.3,7.9,1.7,0.0,0.0
Starling Marte,,OF,4700,ARI,HOU,4.53,Bielak,,-1%,R,R,0.355,6%,0.192,7%,3,3,0,0%,0%,0%,7.6,7.4,7.4,2.2,12.6,9.1,1.9,0.0,0.0
Kyle Schwarber,,OF,4700,CHC,@KC,5.09,Keller,0.319,-1%,R,L,0.361,4%,0.281,12%,4,4,0,0%,1%,0%,6.0,6.8,6.8,0.4,13.1,9.7,2.1,0.0,0.0
Vladimir Guerrero Jr.,,1B/3B,4700,TOR,@ATL,4.36,Toussaint,0.291,-5%,R,R,0.348,4%,0.174,5%,5,4,0,2%,1%,0%,6.2,6.2,6.2,0.0,12.4,8.4,1.8,0.0,0.0
Gleyber Torres,,SS,4700,NYY,@PHI,5.13,Eflin,0.304,-4%,R,R,0.346,-2%,0.217,-8%,5,3,-2,8%,2%,3%,3.6,3.6,3.6,-3.2,10.4,9.4,2.0,0.0,0.0
Matt Olson,,1B,4700,OAK,TEX,5.07,Minor,0.283,-9%,L,L,0.314,-10%,0.188,-21%,5,5,-1,-6%,0%,0%,7.1,8.0,8.0,-2.6,18.6,6.5,1.4,0.0,0.0
Rougned Odor,,2B,4700,TEX,@OAK,3.93,Fiers,0.315,-2%,R,L,0.304,1%,0.215,13%,x,x,-,0%,0%,0%,5.1,5.1,5.1,-0.2,10.4,0.0,0.0,0.0,0.0
Hunter Pence,,OF,4700,SF,@COL,5.07,Freeland,0.339,3%,L,R,0.337,2%,0.204,9%,5,4,-1,34%,4%,0%,1.8,1.8,1.8,-2.5,6.0,10.2,2.2,0.0,0.0
Michael Brantley,,OF,4600,HOU,@ARI,4.47,Gallen,0.287,-5%,R,L,0.382,7%,0.207,23%,4,x,0,7%,0%,0%,12.5,12.5,12.5,6.1,18.9,9.2,2.0,0.0,0.0
Yuli Gurriel,,1B,4600,HOU,@ARI,4.47,Gallen,0.288,-7%,R,R,0.339,1%,0.183,0%,5,5,0,0%,0%,0%,9.2,8.5,8.5,3.0,14.1,7.6,1.7,0.0,0.0
Bo Bichette,,SS,4600,TOR,@ATL,4.36,Toussaint,0.291,-5%,R,R,0.361,0%,0.245,3%,1,1,0,2%,1%,0%,7.2,7.2,7.2,1.9,12.4,9.0,2.0,0.0,0.0
Corey Dickerson,,OF,4600,MIA,BAL,4.50,LeBlanc,0.328,0%,L,L,0.315,-7%,0.139,-25%,x,x,-,0%,0%,0%,6.3,6.3,6.3,-0.9,13.6,0.0,0.0,0.0,0.0
Jon Berti,,2B/OF,4600,MIA,BAL,4.50,LeBlanc,0.321,-1%,L,R,0.355,3%,0.250,14%,2,2,0,-2%,1%,0%,5.4,5.4,5.4,-0.5,11.3,7.5,1.6,0.0,0.0
Eugenio Suarez,,3B,4600,CIN,@CLE,3.64,Carrasco,0.289,-8%,R,R,0.365,-4%,0.269,1%,4,5,0,-3%,1%,-4%,5.1,4.4,4.4,-0.5,9.3,7.0,1.5,0.0,0.0
Aristides Aquino,,OF,4600,CIN,@CLE,3.64,Carrasco,0.289,-8%,R,R,0.354,0%,0.318,10%,x,x,-,0%,0%,0%,3.7,3.7,3.7,0.2,7.2,0.0,0.0,0.0,0.0
Gary Sanchez,,C,4600,NYY,@PHI,5.13,Eflin,0.304,-4%,R,R,0.322,-4%,0.255,-5%,8,7,-1,9%,2%,3%,2.5,2.5,2.5,-1.0,6.0,8.3,1.8,0.0,0.0
Brandon Belt,,1B,4600,SF,@COL,5.07,Freeland,0.286,-7%,L,L,0.323,-2%,0.156,-10%,x,x,-,0%,0%,0%,9.0,9.0,9.0,-0.2,18.2,0.0,0.0,0.0,0.0
Sam Hilliard,,OF,4600,COL,SF,6.43,Anderson,0.327,0%,L,L,,-6%,,-17%,x,x,-,0%,0%,0%,6.7,6.7,6.7,-0.3,13.7,0.0,0.0,0.0,0.0
Mauricio Dubon,,2B/SS,4600,SF,@COL,5.07,Freeland,0.339,3%,L,R,0.338,3%,0.267,10%,9,9,0,30%,3%,0%,4.9,4.9,4.9,-0.2,9.9,7.9,1.7,0.0,0.0
Nick Castellanos,,OF,4500,CIN,@CLE,3.64,Carrasco,0.289,-8%,R,R,0.339,-5%,0.209,-7%,2,3,1,-3%,1%,-4%,13.5,12.6,12.6,3.4,21.8,7.5,1.7,0.0,0.0
DJ LeMahieu,,2B,4500,NYY,@PHI,5.13,Eflin,0.304,-4%,R,R,0.325,-10%,0.148,-15%,x,x,-,0%,0%,0%,9.5,9.5,9.5,0.5,18.5,0.0,0.0,0.0,0.0
Joey Votto,,1B,4500,CIN,@CLE,3.64,Carrasco,0.312,-3%,R,L,0.365,1%,0.167,6%,3,2,-1,3%,1%,-3%,9.0,9.0,9.0,1.0,17.0,8.0,1.8,0.0,0.0
Willson Contreras,,C,4500,CHC,@KC,5.09,Keller,0.280,-9%,R,R,0.329,-5%,0.179,-10%,5,5,0,-2%,1%,0%,9.9,9.0,9.0,1.2,16.8,7.0,1.6,0.0,0.0
Javier Baez,,SS,4500,CHC,@KC,5.09,Keller,0.280,-9%,R,R,0.349,-3%,0.250,0%,3,3,0,-3%,1%,0%,8.4,7.8,7.8,-2.8,18.5,8.1,1.8,0.0,0.0
Kris Bryant,,3B/OF,4500,CHC,@KC,5.09,Keller,0.280,-9%,R,R,0.352,-8%,0.186,-20%,1,1,0,-3%,1%,0%,7.1,7.1,7.1,0.4,13.9,7.8,1.7,0.0,0.0
Aaron Hicks,,OF,4500,NYY,@PHI,5.13,Eflin,0.366,9%,R,S,0.360,7%,0.221,10%,3,5,1,3%,2%,2%,6.2,6.2,6.2,0.7,11.8,10.4,2.3,0.0,0.0
Lourdes Gurriel Jr.,,OF,4500,TOR,@ATL,4.36,Toussaint,0.291,-5%,R,R,,-2%,,-2%,3,3,1,0%,0%,0%,5.6,5.6,5.6,1.0,10.3,5.0,1.1,0.0,0.0
Nick Solak,,2B/OF,4500,TEX,@OAK,3.93,Fiers,0.335,2%,R,R,0.334,-2%,0.101,-9%,6,6,-3,-4%,0%,0%,5.6,5.6,5.6,0.5,10.8,7.1,1.6,0.0,0.0
Dom Nunez,,C,4500,COL,SF,6.43,Anderson,0.327,0%,L,L,,-6%,,-17%,x,x,-,0%,0%,0%,0.0,0.0,0.0,0.0,0.0,0.0,0.0,0.0,0.0
Carlos Correa,,SS,4400,HOU,@ARI,4.47,Gallen,0.288,-7%,R,R,0.330,-5%,0.233,13%,6,6,0,-1%,0%,0%,9.9,9.6,9.6,1.5,17.8,7.5,1.7,0.0,0.0
Brian Anderson,,3B/OF,4400,MIA,BAL,4.50,LeBlanc,0.321,-1%,L,R,0.317,-3%,0.156,1%,5,5,0,-4%,1%,0%,9.2,9.2,9.2,1.5,16.8,6.8,1.5,0.0,0.0
Yoan Moncada,,3B,4400,CWS,MIL,4.55,Lindblom,,1%,R,S,0.356,5%,0.216,13%,2,2,0,-3%,1%,-2%,7.3,9.0,9.0,0.2,17.8,8.9,2.0,0.0,0.0
Garrett Cooper,,1B/OF,4400,MIA,BAL,4.50,LeBlanc,0.321,-1%,L,R,0.296,-2%,0.156,4%,x,x,-,0%,0%,0%,5.0,5.0,5.0,2.2,7.8,0.0,0.0,0.0,0.0
Ryan Braun,,OF,4400,MIL,@CWS,4.45,Gonzalez,0.317,-1%,L,R,0.381,8%,0.270,20%,,x,,0%,0%,0%,4.7,4.7,4.7,0.2,9.2,0.0,0.0,0.0,0.0
Reese McGuire,,C,4400,TOR,@ATL,4.36,Toussaint,,-1%,R,L,0.393,5%,0.253,9%,9,9,0,1%,1%,0%,8.5,8.5,8.5,0.7,16.3,6.3,1.4,0.0,0.0
Todd Frazier,,1B/3B,4400,TEX,@OAK,3.93,Fiers,0.335,2%,R,R,0.315,-3%,0.186,-12%,5,5,0,-5%,0%,0%,7.1,7.1,7.1,-0.9,15.1,7.2,1.6,0.0,0.0
Shin-Soo Choo,,OF,4400,TEX,@OAK,3.93,Fiers,0.315,-2%,R,L,0.380,7%,0.211,22%,1,1,0,-9%,0%,0%,9.5,9.5,9.5,1.0,18.0,7.7,1.8,0.0,0.0
Shed Long Jr.,,2B,4400,SEA,LAA,3.49,Bundy,0.348,5%,R,L,0.307,0%,0.172,1%,5,2,1,-5%,-1%,0%,6.3,6.5,6.5,-0.4,13.5,6.6,1.5,0.0,0.0
Elvis Andrus,,SS,4400,TEX,@OAK,3.93,Fiers,0.335,2%,R,R,0.293,-6%,0.103,-20%,2,2,0,-2%,0%,0%,5.7,5.7,5.7,0.1,11.3,7.4,1.7,0.0,0.0
Mike Moustakas,,2B/3B,4300,CIN,@CLE,3.64,Carrasco,0.312,-3%,R,L,0.340,1%,0.246,7%,x,x,-,0%,0%,0%,7.6,7.6,7.6,-3.8,18.9,0.0,0.0,0.0,0.0
Christian Walker,,1B,4300,ARI,HOU,4.53,Bielak,,-1%,R,R,0.342,0%,0.224,-1%,4,4,0,0%,0%,0%,7.5,7.5,7.5,3.3,11.8,7.8,1.8,0.0,0.0
Jorge Soler,,OF,4300,KC,CHC,3.91,Chatwood,0.292,-7%,R,R,0.367,1%,0.275,3%,2,2,0,-2%,1%,0%,6.3,6.4,6.4,0.7,12.1,8.0,1.9,0.0,0.0
Adam Duvall,,OF,4300,ATL,TOR,4.64,Pearson,,-1%,R,R,0.287,-8%,0.189,-13%,6,x,0,1%,1%,0%,13.5,13.5,13.5,8.3,18.7,6.8,1.6,0.0,0.0
Jonathan Villar,,OF/SS,4300,MIA,BAL,4.50,LeBlanc,0.321,-1%,L,S,0.326,-1%,0.173,6%,1,1,0,-3%,1%,0%,4.8,4.8,4.8,0.8,8.9,7.9,1.8,0.0,0.0
Yordan Alvarez,,OF,4300,HOU,@ARI,4.47,Gallen,0.287,-5%,R,L,0.437,5%,0.342,9%,x,x,-,0%,0%,0%,0.0,0.0,0.0,0.0,0.0,0.0,0.0,0.0,0.0
David Fletcher,,3B/SS,4300,LAA,@SEA,4.51,Walker,0.308,-4%,R,R,0.313,1%,0.084,-9%,1,1,0,-4%,0%,0%,11.0,10.5,10.5,3.9,17.1,7.2,1.7,0.0,0.0
Garrett Hampson,,2B/OF,4300,COL,SF,6.43,Anderson,0.340,4%,L,R,0.316,3%,0.169,9%,7,7,1,11%,3%,0%,7.0,7.0,7.0,5.0,9.0,8.9,2.1,0.0,0.0
Pablo Sandoval,,1B,4300,SF,@COL,5.07,Freeland,0.339,3%,L,S,0.244,-6%,0.135,-6%,7,x,-2,32%,4%,0%,2.3,2.3,2.3,-0.1,4.7,8.7,2.0,0.0,0.0
Luis Robert,,OF,4200,CWS,MIL,4.55,Lindblom,,-1%,R,R,,-2%,,-2%,1,1,2,-2%,1%,-2%,11.6,10.8,10.8,2.0,19.5,8.8,2.1,0.0,0.0
Jesus Aguilar,,1B,4200,MIA,BAL,4.50,LeBlanc,0.321,-1%,L,R,0.353,1%,0.207,-4%,4,3,0,-5%,1%,0%,9.2,9.2,9.2,-0.6,19.0,7.1,1.7,0.0,0.0
Maikel Franco,,3B,4200,KC,CHC,3.91,Chatwood,0.292,-7%,R,R,0.312,1%,0.190,0%,7,7,-1,-2%,1%,0%,7.4,6.6,6.6,-3.3,16.5,6.4,1.5,0.0,0.0
Avisail Garcia,,OF,4200,MIL,@CWS,4.45,Gonzalez,0.317,-1%,L,R,0.352,6%,0.171,-6%,,3,,-3%,1%,-2%,6.4,6.4,6.4,1.0,11.8,8.4,2.0,0.0,0.0
David Peralta,,OF,4200,ARI,HOU,4.53,Bielak,,1%,R,L,0.379,9%,0.233,19%,6,6,0,3%,0%,0%,7.6,6.3,6.3,-2.8,15.5,8.3,2.0,0.0,0.0
Adalberto Mondesi,,SS,4200,KC,CHC,3.91,Chatwood,0.360,8%,R,S,0.321,5%,0.197,13%,5,6,1,2%,1%,0%,6.9,5.8,5.8,0.2,11.3,9.4,2.2,0.0,0.0
Austin Hays,,OF,4200,BAL,@MIA,4.00,Yamamoto,0.304,-6%,R,R,0.523,4%,0.395,8%,,6,,-10%,1%,0%,4.4,4.2,4.2,-0.3,8.6,6.5,1.5,0.0,0.0
Roberto Perez,,C,4200,CLE,CIN,3.86,Castillo,0.262,-13%,R,R,0.276,-8%,0.167,-8%,x,x,-,0%,0%,0%,2.3,2.3,2.3,-1.7,6.4,0.0,0.0,0.0,0.0
Nick Markakis,,OF,4200,ATL,TOR,4.64,Pearson,,1%,R,L,0.351,7%,0.146,13%,5,5,0,1%,1%,0%,0.0,0.0,0.0,0.0,0.0,7.4,1.8,0.0,0.0
Albert Pujols,,1B,4200,LAA,@SEA,4.51,Walker,0.308,-4%,R,R,0.297,-3%,0.153,-12%,x,x,-,0%,0%,0%,7.3,7.3,7.3,-2.2,16.8,0.0,0.0,0.0,0.0
Sean Murphy,,C,4200,OAK,TEX,5.07,Minor,0.300,-5%,L,R,,2%,,7%,9,9,0,-2%,0%,0%,4.3,4.3,4.3,-1.0,9.5,5.1,1.2,0.0,0.0
Steven Duggar,,OF,4200,SF,@COL,5.07,Freeland,0.286,-7%,L,L,0.262,-6%,0.062,-26%,x,x,-,0%,0%,0%,4.0,4.0,4.0,-0.1,8.1,0.0,0.0,0.0,0.0
Kean Wong,,2B,4200,SF,@COL,5.07,Freeland,0.286,-7%,L,L,,-6%,,-17%,x,x,-,0%,0%,0%,0.0,0.0,0.0,0.0,0.0,0.0,0.0,0.0,0.0
Miguel Rojas,,SS,4100,MIA,BAL,4.50,LeBlanc,0.321,-1%,L,R,0.301,2%,0.111,12%,x,x,-,0%,0%,0%,20.7,20.7,20.7,6.3,35.0,0.0,0.0,0.0,0.0
Teoscar Hernandez,,OF,4100,TOR,@ATL,4.36,Toussaint,0.291,-5%,R,R,0.324,-1%,0.230,-2%,x,x,-,0%,0%,0%,11.1,11.1,11.1,-0.7,22.9,0.0,0.0,0.0,0.0
Kyle Tucker,,OF,4100,HOU,@ARI,4.47,Gallen,0.287,-5%,R,L,0.232,-3%,0.161,1%,8,4,-2,6%,0%,0%,9.2,9.2,9.2,0.1,18.3,7.9,1.9,0.0,0.0
Renato Nunez,,1B/3B,4100,BAL,@MIA,4.00,Yamamoto,0.304,-6%,R,R,0.319,0%,0.196,-1%,,4,,-11%,1%,0%,8.7,8.5,8.5,1.2,15.9,6.5,1.6,0.0,0.0
Salvador Perez,,C,4100,KC,CHC,3.91,Chatwood,0.292,-7%,R,R,0.305,-2%,0.217,0%,3,4,0,-2%,2%,0%,6.0,6.3,6.3,0.5,12.1,6.9,1.7,0.0,0.0
Austin Riley,,3B/OF,4100,ATL,TOR,4.64,Pearson,,-1%,R,R,0.283,-5%,0.201,-5%,x,x,-,0%,0%,0%,5.4,5.4,5.4,-2.2,13.0,0.0,0.0,0.0,0.0
Oscar Mercado,,OF,4100,CLE,CIN,3.86,Castillo,0.262,-13%,R,R,0.318,-1%,0.163,-5%,7,9,2,0%,1%,-3%,2.1,2.4,2.4,-0.4,5.2,5.1,1.2,0.0,0.0
Yangervis Solarte,,2B/OF,4100,ATL,TOR,4.64,Pearson,,1%,R,S,0.278,0%,0.135,-1%,x,x,-,0%,0%,0%,0.0,0.0,0.0,0.0,0.0,0.0,0.0,0.0,0.0
Kyle Seager,,3B,4100,SEA,LAA,3.49,Bundy,0.348,5%,R,L,0.289,-7%,0.193,-4%,3,4,1,-4%,-1%,0%,11.3,11.4,11.4,3.7,19.1,7.0,1.7,0.0,0.0
Austin Slater,,1B/OF,4100,SF,@COL,5.07,Freeland,0.339,3%,L,R,0.329,4%,0.119,4%,1,1,2,28%,3%,0%,5.0,5.0,5.0,0.6,9.4,11.0,2.7,0.0,0.0
Raimel Tapia,,OF,4100,COL,SF,6.43,Anderson,0.327,0%,L,L,0.281,-6%,0.113,-18%,x,x,-,0%,0%,0%,2.8,2.8,2.8,-2.4,8.0,0.0,0.0,0.0,0.0
Brendan Rodgers,,2B/SS,4100,COL,SF,6.43,Anderson,0.340,4%,L,R,,2%,,7%,x,x,-,0%,0%,0%,0.0,0.0,0.0,0.0,0.0,0.0,0.0,0.0,0.0
Tom Murphy,,C,4100,SEA,LAA,3.49,Bundy,0.314,-2%,R,R,0.273,-7%,0.181,-9%,x,x,-,0%,0%,0%,0.0,0.0,0.0,0.0,0.0,0.0,0.0,0.0,0.0
Kole Calhoun,,OF,4000,ARI,HOU,4.53,Bielak,,1%,R,L,0.313,0%,0.220,15%,2,2,1,2%,0%,0%,5.9,6.9,6.9,-0.6,14.5,8.0,2.0,0.0,0.0
Cesar Hernandez,,2B,4000,CLE,CIN,3.86,Castillo,0.320,-1%,R,S,0.325,1%,0.140,17%,1,1,0,1%,1%,-3%,6.1,6.3,6.3,3.5,9.0,7.5,1.9,0.0,0.0
Eric Sogard,,3B/SS,4000,MIL,@CWS,4.45,Gonzalez,0.249,-16%,L,L,0.338,-1%,0.190,2%,,x,,0%,0%,0%,5.3,5.3,5.3,0.5,10.2,0.0,0.0,0.0,0.0
Dwight Smith Jr.,,OF,4000,BAL,@MIA,4.00,Yamamoto,0.252,-8%,R,L,0.324,4%,0.193,7%,,5,,-14%,1%,0%,7.0,7.0,7.0,-0.8,14.8,6.1,1.5,0.0,0.0
Carlos Santana,,1B,4000,CLE,CIN,3.86,Castillo,0.320,-1%,R,S,0.345,-1%,0.206,6%,4,4,0,2%,1%,-3%,5.2,4.9,4.9,-0.4,10.3,7.7,1.9,0.0,0.0
Edwin Encarnacion,,1B,4000,CWS,MIL,4.55,Lindblom,,-1%,R,R,0.351,-2%,0.256,2%,x,x,-,0%,0%,0%,4.6,4.6,4.6,-0.8,10.0,0.0,0.0,0.0,0.0
Randal Grichuk,,OF,4000,TOR,@ATL,4.36,Toussaint,0.291,-5%,R,R,0.315,-2%,0.244,3%,6,8,0,1%,1%,0%,4.6,4.6,4.6,1.4,7.8,7.5,1.9,0.0,0.0
Stephen Vogt,,C,4000,ARI,HOU,4.53,Bielak,,1%,R,L,0.344,7%,0.233,14%,x,x,-,0%,0%,0%,5.0,5.0,5.0,-1.8,11.8,0.0,0.0,0.0,0.0
Harold Ramirez,,OF,4000,MIA,BAL,4.50,LeBlanc,0.321,-1%,L,R,,2%,,7%,x,x,-,0%,0%,0%,3.5,3.5,3.5,-1.4,8.4,0.0,0.0,0.0,0.0
Charlie Culberson,,OF/SS,4000,ATL,TOR,4.64,Pearson,,-1%,R,R,0.324,-1%,0.192,3%,x,x,-,0%,0%,0%,0.0,0.0,0.0,0.0,0.0,0.0,0.0,0.0,0.0
Matt Kemp,,OF,4000,COL,SF,6.43,Anderson,0.340,4%,L,R,0.347,3%,0.230,19%,5,5,1,12%,5%,0%,10.3,10.3,10.3,3.6,17.1,10.2,2.5,0.0,0.0
Khris Davis,,OF,4000,OAK,TEX,5.07,Minor,0.300,-5%,L,R,0.355,6%,0.260,6%,7,7,0,-3%,0%,0%,4.9,4.9,4.9,-4.3,14.0,7.3,1.8,0.0,0.0
Brandon Crawford,,SS,4000,SF,@COL,5.07,Freeland,0.286,-7%,L,L,0.299,1%,0.121,-5%,x,x,-,0%,0%,0%,3.7,3.4,3.4,-0.4,7.2,0.0,0.0,0.0,0.0
Yolmer Sanchez,,2B,4000,SF,@COL,5.07,Freeland,0.339,3%,L,S,,2%,,7%,x,x,-,0%,0%,0%,0.0,0.0,0.0,0.0,0.0,0.0,0.0,0.0,0.0
Mitch Haniger,,OF,4000,SEA,LAA,3.49,Bundy,0.314,-2%,R,R,0.345,-1%,0.225,5%,x,x,-,0%,0%,0%,0.0,0.0,0.0,0.0,0.0,0.0,0.0,0.0,0.0
Eloy Jimenez,,OF,3900,CWS,MIL,4.55,Lindblom,,-1%,R,R,0.349,1%,0.264,5%,5,5,0,-1%,1%,-2%,10.0,10.0,10.0,-1.2,21.2,8.3,2.1,0.0,0.0
Tim Anderson,,SS,3900,CWS,MIL,4.55,Lindblom,,-1%,R,R,0.320,-3%,0.165,0%,x,x,-,0%,0%,0%,9.0,9.0,9.0,-0.2,18.2,0.0,0.0,0.0,0.0
Luke Voit,,1B,3900,NYY,@PHI,5.13,Eflin,0.304,-4%,R,R,0.381,1%,0.227,-5%,2,6,4,7%,2%,2%,10.0,10.0,10.0,1.7,18.3,9.7,2.5,0.0,0.0
Hanser Alberto,,2B,3900,BAL,@MIA,4.00,Yamamoto,0.304,-6%,R,R,0.255,-12%,0.100,-7%,,1,,-5%,1%,0%,9.3,8.9,8.9,-1.0,18.8,6.0,1.5,0.0,0.0
Lorenzo Cain,,OF,3900,MIL,@CWS,4.45,Gonzalez,0.317,-1%,L,R,0.371,10%,0.179,41%,,x,,0%,0%,0%,7.6,7.6,7.6,0.1,15.1,0.0,0.0,0.0,0.0
Anthony Santander,,OF,3900,BAL,@MIA,4.00,Yamamoto,0.252,-8%,R,S,0.295,-1%,0.184,-1%,,2,,-15%,1%,0%,7.0,7.0,7.0,-1.0,15.0,6.2,1.6,0.0,0.0
Pedro Severino,,C,3900,BAL,@MIA,4.00,Yamamoto,0.304,-6%,R,R,0.259,-6%,0.113,-13%,,x,,0%,0%,0%,5.7,5.7,5.7,-1.0,12.4,0.0,0.0,0.0,0.0
Justin Smoak,,1B,3900,MIL,@CWS,4.45,Gonzalez,0.317,-1%,L,S,0.325,-5%,0.154,-25%,,5,,-1%,1%,-2%,4.8,4.8,4.8,-0.9,10.4,7.0,1.8,0.0,0.0
Andrew McCutchen,,OF,3900,PHI,NYY,4.37,Montgomery,0.307,-4%,L,R,0.376,4%,0.226,13%,1,1,0,2%,1%,2%,2.8,2.8,2.8,-1.0,6.5,9.1,2.3,0.0,0.0
Ryon Healy,,1B/3B,3900,MIL,@CWS,4.45,Gonzalez,0.317,-1%,L,R,0.320,1%,0.181,-5%,,x,,0%,0%,0%,1.5,1.5,1.5,-0.6,3.6,0.0,0.0,0.0,0.0
Sean Rodriguez,,3B/SS,3900,MIA,BAL,4.50,LeBlanc,0.321,-1%,L,R,0.355,8%,0.200,12%,x,x,-,0%,0%,0%,0.0,0.0,0.0,0.0,0.0,0.0,0.0,0.0,0.0
Kyle Lewis,,OF,3900,SEA,LAA,3.49,Bundy,0.314,-2%,R,R,0.407,1%,0.385,8%,x,x,-,0%,0%,0%,9.2,10.5,10.5,5.6,15.4,0.0,0.0,0.0,0.0
J.P. Crawford,,SS,3900,SEA,LAA,3.49,Bundy,0.348,5%,R,L,0.330,10%,0.201,29%,1,1,0,-5%,0%,0%,9.3,9.2,9.2,1.5,17.0,8.0,2.1,0.0,0.0
Jose Trevino,,C,3900,TEX,@OAK,3.93,Fiers,0.335,2%,R,R,0.231,-6%,0.082,-11%,x,x,-,0%,0%,0%,9.0,9.0,9.0,9.0,9.0,0.0,0.0,0.0,0.0
Tony Wolters,,C,3900,COL,SF,6.43,Anderson,0.327,0%,L,L,0.286,-1%,0.073,-11%,x,x,-,0%,0%,0%,3.4,3.4,3.4,0.3,6.6,0.0,0.0,0.0,0.0
Danny Santana,,1B/OF,3900,TEX,@OAK,3.93,Fiers,0.315,-2%,R,S,0.344,6%,0.238,7%,x,x,-,0%,0%,0%,1.8,1.8,1.8,-1.8,5.3,0.0,0.0,0.0,0.0
Chris Shaw,,1B/OF,3900,SF,@COL,5.07,Freeland,0.286,-7%,L,L,,-6%,,-17%,x,x,-,0%,0%,0%,0.0,0.0,0.0,0.0,0.0,0.0,0.0,0.0,0.0
Seth Brown,,OF,3900,OAK,TEX,5.07,Minor,0.283,-9%,L,L,,-6%,,-17%,x,x,-,0%,0%,0%,0.0,0.0,0.0,0.0,0.0,0.0,0.0,0.0,0.0
Tyler Flowers,,C,3800,ATL,TOR,4.64,Pearson,,-1%,R,R,0.296,-7%,0.151,-1%,8,x,1,1%,1%,0%,10.0,10.0,10.0,2.5,17.5,5.6,1.5,0.0,0.0
Brett Gardner,,OF,3800,NYY,@PHI,5.13,Eflin,0.366,9%,R,L,0.339,8%,0.213,29%,6,9,3,3%,1%,2%,8.4,8.4,8.4,-1.1,18.0,9.4,2.5,0.0,0.0
Eduardo Escobar,,3B,3800,ARI,HOU,4.53,Bielak,,1%,R,S,0.341,3%,0.245,15%,5,5,-1,4%,0%,0%,6.5,5.4,5.4,-0.4,11.2,8.1,2.1,0.0,0.0
Ender Inciarte,,OF,3800,ATL,TOR,4.64,Pearson,,1%,R,L,0.315,0%,0.143,30%,x,x,-,0%,0%,0%,6.7,6.7,6.7,0.9,12.5,0.0,0.0,0.0,0.0
Franmil Reyes,,OF,3800,CLE,CIN,3.86,Castillo,0.262,-13%,R,R,0.326,-6%,0.249,0%,5,5,0,0%,1%,-4%,4.3,4.2,4.2,-1.1,9.4,6.2,1.6,0.0,0.0
Chris Davis,,1B,3800,BAL,@MIA,4.00,Yamamoto,0.252,-8%,R,L,0.259,-1%,0.139,-1%,,7,,-15%,1%,0%,1.8,1.8,1.8,-0.9,4.5,4.7,1.2,0.0,0.0
Adeiny Hechavarria,,2B/SS,3800,ATL,TOR,4.64,Pearson,,-1%,R,R,0.268,-5%,0.134,-3%,9,9,0,1%,1%,0%,2.5,2.5,2.5,-1.0,6.0,5.5,1.4,0.0,0.0
Yonder Alonso,,1B,3800,ATL,TOR,4.64,Pearson,,1%,R,L,0.304,1%,0.160,-2%,x,x,-,0%,0%,0%,0.0,0.0,0.0,0.0,0.0,0.0,0.0,0.0,0.0
Billy McKinney,,OF,3800,TOR,@ATL,4.36,Toussaint,,-1%,R,L,0.318,3%,0.211,4%,x,x,-,0%,0%,0%,0.0,0.0,0.0,0.0,0.0,0.0,0.0,0.0,0.0
Jason Castro,,C,3800,LAA,@SEA,4.51,Walker,0.312,-3%,R,L,0.329,8%,0.212,21%,x,x,-,0%,0%,0%,6.3,6.3,6.3,0.3,12.2,0.0,0.0,0.0,0.0
Tony Kemp,,2B/OF,3800,OAK,TEX,5.07,Minor,0.283,-9%,L,L,0.284,-6%,0.101,-20%,x,x,-,0%,0%,0%,6.8,6.8,6.8,2.8,10.9,0.0,0.0,0.0,0.0
Justin Upton,,OF,3800,LAA,@SEA,4.51,Walker,0.308,-4%,R,R,0.363,4%,0.229,1%,6,x,-2,-3%,-1%,0%,4.6,4.2,4.2,-1.4,9.8,7.3,1.9,0.0,0.0
Joey Rickard,,OF,3800,SF,@COL,5.07,Freeland,0.339,3%,L,R,0.328,5%,0.147,2%,x,x,-,0%,0%,0%,0.0,0.0,0.0,0.0,0.0,0.0,0.0,0.0,0.0
Will Wilson,,SS,3800,SF,@COL,5.07,Freeland,0.339,3%,L,R,,2%,,7%,x,x,-,0%,0%,0%,0.0,0.0,0.0,0.0,0.0,0.0,0.0,0.0,0.0
Dustin Fowler,,OF,3800,OAK,TEX,5.07,Minor,0.283,-9%,L,L,,-6%,,-17%,x,x,-,0%,0%,0%,0.0,0.0,0.0,0.0,0.0,0.0,0.0,0.0,0.0
James McCann,,C,3700,CWS,MIL,4.55,Lindblom,,-1%,R,R,0.292,-6%,0.136,-19%,x,x,-,0%,0%,0%,9.4,9.4,9.4,-0.3,19.1,0.0,0.0,0.0,0.0
Didi Gregorius,,SS,3700,PHI,NYY,4.37,Montgomery,0.253,-11%,L,L,0.321,-2%,0.151,-21%,6,6,-1,1%,2%,2%,8.0,8.0,8.0,0.1,15.9,7.0,1.9,0.0,0.0
Rhys Hoskins,,1B,3700,PHI,NYY,4.37,Montgomery,0.307,-4%,L,R,0.368,3%,0.234,-3%,2,2,0,3%,2%,2%,5.8,5.8,5.8,1.2,10.5,9.3,2.5,0.0,0.0
Magneuris Sierra,,OF,3700,MIA,BAL,4.50,LeBlanc,0.328,0%,L,L,0.384,-3%,0.028,-21%,8,x,1,-4%,0%,0%,9.5,9.5,9.5,-3.9,22.9,4.6,1.2,0.0,0.0
Carson Kelly,,C,3700,ARI,HOU,4.53,Bielak,,-1%,R,R,0.286,-7%,0.183,-6%,7,7,0,0%,0%,0%,3.2,3.2,3.2,-0.3,6.7,5.1,1.4,0.0,0.0
Jordan Luplow,,OF,3700,CLE,CIN,3.86,Castillo,0.262,-13%,R,R,0.254,-10%,0.106,-20%,x,x,-,0%,0%,0%,1.6,1.6,1.6,-0.6,3.8,0.0,0.0,0.0,0.0
Miguel Andujar,,3B/OF,3700,NYY,@PHI,5.13,Eflin,0.304,-4%,R,R,0.351,2%,0.207,-2%,x,x,-,0%,0%,0%,1.0,1.0,1.0,-0.4,2.4,0.0,0.0,0.0,0.0
Tyler Naquin,,OF,3700,CLE,CIN,3.86,Castillo,0.320,-1%,R,L,0.309,-1%,0.136,-4%,x,x,-,0%,0%,0%,0.0,0.0,0.0,0.0,0.0,0.0,0.0,0.0,0.0
Ronny Rodriguez,,2B,3700,MIL,@CWS,4.45,Gonzalez,0.317,-1%,L,R,0.303,5%,0.198,8%,,x,,0%,0%,0%,0.0,0.0,0.0,0.0,0.0,0.0,0.0,0.0,0.0
Ian Miller,,OF,3700,CHC,@KC,5.09,Keller,0.319,-1%,R,L,,2%,,3%,x,x,-,0%,0%,0%,0.0,0.0,0.0,0.0,0.0,0.0,0.0,0.0,0.0
Cristian Pache,,OF,3700,ATL,TOR,4.64,Pearson,,%,R,,,%,,%,x,x,-,0%,0%,0%,0.0,0.0,0.0,0.0,0.0,0.0,0.0,0.0,0.0
Chadwick Tromp,,C,3700,SF,@COL,5.07,Freeland,0.339,3%,L,R,,2%,,7%,8,8,0,30%,4%,0%,11.5,11.5,11.5,3.8,19.2,7.9,2.1,0.0,0.0
Darin Ruf,,1B,3700,SF,@COL,5.07,Freeland,0.339,3%,L,R,0.284,2%,0.143,5%,6,7,1,33%,4%,0%,10.0,10.0,10.0,1.1,18.9,9.9,2.7,0.0,0.0
Chris Owings,,2B/OF,3700,COL,SF,6.43,Anderson,0.340,4%,L,R,0.297,14%,0.135,15%,8,8,0,11%,3%,0%,7.3,7.3,7.3,-1.7,16.4,9.3,2.5,0.0,0.0
Mallex Smith,,OF,3700,SEA,LAA,3.49,Bundy,0.348,5%,R,L,0.302,1%,0.117,12%,8,x,1,-5%,0%,0%,3.4,3.4,3.4,0.0,6.8,6.5,1.8,0.0,0.0
Robinson Chirinos,,C,3700,TEX,@OAK,3.93,Fiers,0.335,2%,R,R,0.326,-6%,0.202,-5%,x,x,-,0%,0%,0%,2.7,2.7,2.7,0.3,5.1,0.0,0.0,0.0,0.0
Willie Calhoun,,OF,3700,TEX,@OAK,3.93,Fiers,0.315,-2%,R,L,0.347,4%,0.217,3%,3,3,2,-10%,0%,0%,1.0,1.0,1.0,-0.4,2.4,6.3,1.7,0.0,0.0
Joey Bart,,C,3700,SF,@COL,5.07,Freeland,0.339,3%,L,R,,2%,,7%,x,x,-,0%,0%,0%,0.0,0.0,0.0,0.0,0.0,0.0,0.0,0.0,0.0
Zach Green,,3B,3700,SF,@COL,5.07,Freeland,0.339,3%,L,R,,2%,,7%,x,x,-,0%,0%,0%,0.0,0.0,0.0,0.0,0.0,0.0,0.0,0.0,0.0
Abiatal Avelino,,SS,3700,SF,@COL,5.07,Freeland,0.339,3%,L,R,,2%,,7%,x,x,-,0%,0%,0%,0.0,0.0,0.0,0.0,0.0,0.0,0.0,0.0,0.0
Blake Swihart,,C/OF,3700,TEX,@OAK,3.93,Fiers,0.315,-2%,R,S,0.298,3%,0.151,7%,x,x,-,0%,0%,0%,0.0,0.0,0.0,0.0,0.0,0.0,0.0,0.0,0.0
Ian Happ,,OF,3600,CHC,@KC,5.09,Keller,0.319,-1%,R,S,0.357,6%,0.232,11%,9,9,-2,2%,1%,0%,8.2,8.9,8.9,1.9,15.9,8.1,2.3,0.0,0.0
Francisco Cervelli,,C,3600,MIA,BAL,4.50,LeBlanc,0.321,-1%,L,R,0.335,1%,0.111,-9%,3,7,4,-3%,1%,0%,5.8,5.8,5.8,-0.5,12.0,6.4,1.8,0.0,0.0
Isan Diaz,,2B,3600,MIA,BAL,4.50,LeBlanc,0.328,0%,L,L,0.181,-9%,0.125,-17%,x,x,-,0%,0%,0%,5.0,5.0,5.0,-2.1,12.1,0.0,0.0,0.0,0.0
Johan Camargo,,3B/OF,3600,ATL,TOR,4.64,Pearson,,1%,R,S,0.323,-4%,0.159,-14%,7,7,0,0%,1%,0%,5.2,5.2,5.2,0.2,10.2,6.4,1.8,0.0,0.0
Nick Ahmed,,SS,3600,ARI,HOU,4.53,Bielak,,-1%,R,R,0.289,-7%,0.158,-11%,9,9,0,0%,0%,0%,3.5,2.9,2.9,-1.7,7.6,5.6,1.6,0.0,0.0
Jesse Winker,,OF,3600,CIN,@CLE,3.64,Carrasco,0.312,-3%,R,L,0.374,7%,0.191,14%,5,6,1,3%,1%,-3%,3.2,2.8,2.8,0.6,5.1,5.8,1.6,0.0,0.0
Kevin Cron,,1B,3600,ARI,HOU,4.53,Bielak,,-1%,R,R,0.336,-1%,0.340,6%,x,x,-,0%,0%,0%,2.0,2.0,2.0,2.0,2.0,0.0,0.0,0.0,0.0
Matt Joyce,,OF,3600,MIA,BAL,4.50,LeBlanc,0.328,0%,L,L,0.289,-8%,0.117,-17%,x,x,-,0%,0%,0%,0.0,0.0,0.0,0.0,0.0,0.0,0.0,0.0,0.0
Bobby Bradley,,1B,3600,CLE,CIN,3.86,Castillo,0.320,-1%,R,L,0.261,1%,0.182,3%,x,x,-,0%,0%,0%,0.0,0.0,0.0,0.0,0.0,0.0,0.0,0.0,0.0
Jacob Nottingham,,C,3600,MIL,@CWS,4.45,Gonzalez,0.317,-1%,L,R,,2%,,7%,,x,,0%,0%,0%,0.0,0.0,0.0,0.0,0.0,0.0,0.0,0.0,0.0
Brian Goodwin,,OF,3600,LAA,@SEA,4.51,Walker,0.312,-3%,R,L,0.324,-3%,0.186,-6%,7,5,-3,-9%,-1%,0%,10.9,10.9,10.9,1.3,20.5,6.2,1.7,0.0,0.0
Daniel Vogelbach,,1B,3600,SEA,LAA,3.49,Bundy,0.348,5%,R,L,0.356,8%,0.249,14%,4,6,2,-4%,-1%,0%,3.1,3.1,3.1,0.7,5.6,7.8,2.2,0.0,0.0
Drew Butera,,C,3600,COL,SF,6.43,Anderson,0.340,4%,L,R,0.263,0%,0.129,3%,9,9,0,11%,3%,0%,2.5,2.5,2.5,1.8,3.2,7.1,2.0,0.0,0.0
Josh Fuentes,,1B,3600,COL,SF,6.43,Anderson,0.340,4%,L,R,,2%,,7%,x,x,-,0%,0%,0%,0.0,0.0,0.0,0.0,0.0,0.0,0.0,0.0,0.0
Rob Brantly,,C,3600,SF,@COL,5.07,Freeland,0.286,-7%,L,L,,-6%,,-17%,x,x,-,0%,0%,0%,0.0,0.0,0.0,0.0,0.0,0.0,0.0,0.0,0.0
Jose Siri,,OF,3600,SF,@COL,5.07,Freeland,0.339,3%,L,R,,2%,,7%,x,x,-,0%,0%,0%,0.0,0.0,0.0,0.0,0.0,0.0,0.0,0.0,0.0
Skye Bolt,,OF,3600,OAK,TEX,5.07,Minor,0.300,-5%,L,S,,2%,,7%,x,x,-,0%,0%,0%,0.0,0.0,0.0,0.0,0.0,0.0,0.0,0.0,0.0
Greg Bird,,1B,3600,TEX,@OAK,3.93,Fiers,0.315,-2%,R,L,0.272,-5%,0.162,-6%,x,x,-,0%,0%,0%,0.0,0.0,0.0,0.0,0.0,0.0,0.0,0.0,0.0
Rio Ruiz,,3B,3500,BAL,@MIA,4.00,Yamamoto,0.252,-8%,R,L,0.295,-1%,0.150,-2%,,x,,0%,0%,0%,12.2,12.2,12.2,4.6,19.7,0.0,0.0,0.0,0.0
Josh Reddick,,OF,3500,HOU,@ARI,4.47,Gallen,0.287,-5%,R,L,0.295,-2%,0.120,-6%,7,7,0,7%,0%,0%,7.5,7.5,7.5,1.1,13.9,7.0,2.0,0.0,0.0
Rowdy Tellez,,1B,3500,TOR,@ATL,4.36,Toussaint,,-1%,R,L,0.325,1%,0.243,4%,4,7,1,1%,1%,0%,5.5,5.5,5.5,0.0,11.0,8.0,2.3,0.0,0.0
Aledmys Diaz,,1B/OF,3500,HOU,@ARI,4.47,Gallen,0.288,-7%,R,R,0.337,4%,0.190,8%,x,x,-,0%,0%,0%,5.0,5.0,5.0,5.0,5.0,0.0,0.0,0.0,0.0
Chance Sisco,,C,3500,BAL,@MIA,4.00,Yamamoto,0.252,-8%,R,L,0.295,1%,0.143,0%,,8,,-14%,1%,0%,5.8,5.8,5.8,4.3,7.3,4.3,1.2,0.0,0.0
William Contreras,,C,3500,ATL,TOR,4.64,Pearson,,-1%,R,R,,-2%,,-2%,x,x,-,0%,0%,0%,4.5,4.5,4.5,-1.9,10.9,0.0,0.0,0.0,0.0
Brock Holt,,3B/OF,3500,MIL,@CWS,4.45,Gonzalez,0.249,-16%,L,L,0.273,-10%,0.027,-42%,,9,,-5%,0%,-1%,3.0,3.0,3.0,1.6,4.4,3.3,0.9,0.0,0.0
Tyler Wade,,OF/SS,3500,NYY,@PHI,5.13,Eflin,0.366,9%,R,L,0.280,0%,0.123,-3%,9,x,0,2%,1%,2%,2.3,2.3,2.3,-1.7,6.4,5.1,1.5,0.0,0.0
Daniel Johnson,,OF,3500,CLE,CIN,3.86,Castillo,0.320,-1%,R,L,,2%,,3%,x,x,-,0%,0%,0%,1.3,1.3,1.3,-0.3,2.8,0.0,0.0,0.0,0.0
Greg Allen,,OF,3500,CLE,CIN,3.86,Castillo,0.320,-1%,R,S,0.305,6%,0.124,14%,x,x,-,0%,0%,0%,1.0,1.0,1.0,-0.4,2.4,0.0,0.0,0.0,0.0
Peter O'Brien,,OF,3500,ATL,TOR,4.64,Pearson,,-1%,R,R,0.335,0%,0.210,0%,x,x,-,0%,0%,0%,0.0,0.0,0.0,0.0,0.0,0.0,0.0,0.0,0.0
Monte Harrison,,OF,3500,MIA,BAL,4.50,LeBlanc,0.321,-1%,L,R,,2%,,7%,9,9,0,-3%,1%,0%,0.0,0.0,0.0,0.0,0.0,4.8,1.4,0.0,0.0
Stevie Wilkerson,,2B/OF,3500,BAL,@MIA,4.00,Yamamoto,0.252,-8%,R,L,0.318,7%,0.194,16%,,x,,0%,0%,0%,0.0,0.0,0.0,0.0,0.0,0.0,0.0,0.0,0.0
Stephen Piscotty,,OF,3500,OAK,TEX,5.07,Minor,0.300,-5%,L,R,0.371,8%,0.219,9%,8,8,-1,-2%,0%,0%,7.3,7.3,7.3,-0.2,14.8,6.8,1.9,0.0,0.0
Tyler Nevin,,1B/3B,3500,COL,SF,6.43,Anderson,0.340,4%,L,R,,2%,,7%,x,x,-,0%,0%,0%,0.0,0.0,0.0,0.0,0.0,0.0,0.0,0.0,0.0
Luis Barrera,,OF,3500,OAK,TEX,5.07,Minor,0.283,-9%,L,L,,-6%,,-17%,x,x,-,0%,0%,0%,0.0,0.0,0.0,0.0,0.0,0.0,0.0,0.0,0.0
David Bote,,3B,3400,CHC,@KC,5.09,Keller,0.280,-9%,R,R,0.328,0%,0.162,-3%,x,x,-,0%,0%,0%,7.9,7.9,7.9,-0.5,16.2,0.0,0.0,0.0,0.0
Alex Jackson,,C,3400,ATL,TOR,4.64,Pearson,,-1%,R,R,,-2%,,-2%,x,x,-,0%,0%,0%,2.7,2.7,2.7,-2.0,7.3,0.0,0.0,0.0,0.0
Nomar Mazara,,OF,3400,CWS,MIL,4.55,Lindblom,,1%,R,L,0.344,10%,0.193,18%,6,6,1,-2%,1%,-2%,2.3,2.3,2.3,0.3,4.4,7.8,2.3,0.0,0.0
Hunter Dozier,,3B,3400,KC,CHC,3.91,Chatwood,0.292,-7%,R,R,0.334,1%,0.224,7%,x,x,-,0%,0%,0%,0.0,0.0,0.0,0.0,0.0,0.0,0.0,0.0,0.0
Breyvic Valera,,2B/SS,3400,TOR,@ATL,4.36,Toussaint,,-1%,R,S,0.249,-2%,0.073,-7%,x,x,-,0%,0%,0%,0.0,0.0,0.0,0.0,0.0,0.0,0.0,0.0,0.0
Logan Forsythe,,1B/2B,3400,MIA,BAL,4.50,LeBlanc,0.321,-1%,L,R,0.305,0%,0.127,13%,7,6,-1,-3%,1%,0%,0.0,0.0,0.0,0.0,0.0,5.4,1.6,0.0,0.0
Taylor Davis,,C,3400,BAL,@MIA,4.00,Yamamoto,0.304,-6%,R,R,,-2%,,-2%,,x,,0%,0%,0%,0.0,0.0,0.0,0.0,0.0,0.0,0.0,0.0,0.0
Jaylin Davis,,OF,3400,SF,@COL,5.07,Freeland,0.339,3%,L,R,,2%,,7%,x,x,-,0%,0%,0%,4.8,4.8,4.8,-1.9,11.4,0.0,0.0,0.0,0.0
Luis Rengifo,,2B,3400,LAA,@SEA,4.51,Walker,0.312,-3%,R,S,0.316,3%,0.136,1%,9,x,-2,-6%,-1%,0%,4.0,4.0,4.0,0.3,7.7,5.7,1.7,0.0,0.0
Franklin Barreto,,2B,3400,OAK,TEX,5.07,Minor,0.300,-5%,L,R,0.218,-2%,0.173,5%,x,x,-,0%,0%,0%,0.0,0.0,0.0,0.0,0.0,0.0,0.0,0.0,0.0
Alan Trejo,,SS,3400,COL,SF,6.43,Anderson,0.340,4%,L,R,,2%,,7%,x,x,-,0%,0%,0%,0.0,0.0,0.0,0.0,0.0,0.0,0.0,0.0,0.0
Chris Rabago,,C,3400,COL,SF,6.43,Anderson,,%,L,,,%,,%,x,x,-,0%,0%,0%,0.0,0.0,0.0,0.0,0.0,0.0,0.0,0.0,0.0
Elias Diaz,,C,3400,COL,SF,6.43,Anderson,0.340,4%,L,R,0.323,5%,0.134,13%,x,x,-,0%,0%,0%,0.0,0.0,0.0,0.0,0.0,0.0,0.0,0.0,0.0
Nick Senzel,,OF,3300,CIN,@CLE,3.64,Carrasco,0.289,-8%,R,R,0.294,-5%,0.157,-6%,6,7,1,-3%,1%,-3%,7.6,7.6,7.6,0.9,14.4,6.4,1.9,0.0,0.0
Jose Iglesias,,SS,3300,BAL,@MIA,4.00,Yamamoto,0.304,-6%,R,R,0.299,-2%,0.114,-5%,,3,,-4%,1%,0%,8.4,8.4,8.4,2.6,14.3,6.5,2.0,0.0,0.0
Danny Jansen,,C,3300,TOR,@ATL,4.36,Toussaint,0.291,-5%,R,R,0.278,-3%,0.147,-6%,x,x,-,0%,0%,0%,5.9,5.9,5.9,0.0,11.7,0.0,0.0,0.0,0.0
Neil Walker,,1B/2B,3300,PHI,NYY,4.37,Montgomery,0.307,-4%,L,S,0.312,0%,0.140,-1%,8,x,0,2%,1%,2%,7.0,7.0,7.0,7.0,7.0,5.9,1.8,0.0,0.0
Franchy Cordero,,OF,3300,KC,CHC,3.91,Chatwood,0.360,8%,R,L,0.355,4%,0.200,5%,x,x,-,0%,0%,0%,3.4,3.4,3.4,-1.2,8.0,0.0,0.0,0.0,0.0
DJ Stewart,,OF,3300,BAL,@MIA,4.00,Yamamoto,0.252,-8%,R,L,0.317,1%,0.230,10%,,x,,0%,0%,0%,1.7,1.7,1.7,0.2,3.2,0.0,0.0,0.0,0.0
Brandon Drury,,2B/3B,3300,TOR,@ATL,4.36,Toussaint,0.291,-5%,R,R,0.271,-4%,0.168,1%,x,x,-,0%,0%,0%,1.7,1.7,1.7,-2.4,5.7,0.0,0.0,0.0,0.0
Tim Locastro,,OF,3300,ARI,HOU,4.53,Bielak,,-1%,R,R,0.311,-2%,0.060,-19%,x,x,-,0%,0%,0%,2.0,2.0,2.0,-0.8,4.8,0.0,0.0,0.0,0.0
Garrett Stubbs,,C,3300,HOU,@ARI,4.47,Gallen,0.287,-5%,R,L,0.197,0%,0.037,-2%,x,x,-,0%,0%,0%,0.0,0.0,0.0,0.0,0.0,0.0,0.0,0.0,0.0
Zack Collins,,C,3300,CWS,MIL,4.55,Lindblom,,1%,R,L,0.317,1%,0.219,6%,8,9,0,-2%,0%,-1%,0.0,0.0,0.0,0.0,0.0,5.0,1.5,0.0,0.0
Delino DeShields,,OF,3300,CLE,CIN,3.86,Castillo,0.262,-13%,R,R,0.267,-7%,0.053,-43%,9,x,0,0%,1%,-3%,0.0,0.0,0.0,0.0,0.0,5.0,1.5,0.0,0.0
Jake Bauers,,1B/OF,3300,CLE,CIN,3.86,Castillo,0.320,-1%,R,L,0.311,3%,0.166,2%,x,x,-,0%,0%,0%,0.0,0.0,0.0,0.0,0.0,0.0,0.0,0.0,0.0
Tyrone Taylor,,OF,3300,MIL,@CWS,4.45,Gonzalez,0.317,-1%,L,R,,2%,,7%,,x,,0%,0%,0%,0.0,0.0,0.0,0.0,0.0,0.0,0.0,0.0,0.0
Tim Lopes,,OF,3300,SEA,LAA,3.49,Bundy,0.314,-2%,R,R,0.285,-3%,0.063,-11%,x,x,-,0%,0%,0%,8.4,8.4,8.4,0.6,16.2,0.0,0.0,0.0,0.0
Jo Adell,,OF,3300,LAA,@SEA,4.51,Walker,0.308,-4%,R,R,,-2%,,-2%,x,x,-,0%,0%,0%,4.0,4.0,4.0,2.6,5.4,0.0,0.0,0.0,0.0
Eric Stamets,,SS,3300,COL,SF,6.43,Anderson,0.340,4%,L,R,,2%,,7%,x,x,-,0%,0%,0%,0.0,0.0,0.0,0.0,0.0,0.0,0.0,0.0,0.0
Joe McCarthy,,OF,3300,SF,@COL,5.07,Freeland,0.286,-7%,L,L,,-6%,,-17%,x,x,-,0%,0%,0%,0.0,0.0,0.0,0.0,0.0,0.0,0.0,0.0,0.0
Andy Ibanez,,2B,3300,TEX,@OAK,3.93,Fiers,0.335,2%,R,R,,-2%,,-2%,x,x,-,0%,0%,0%,0.0,0.0,0.0,0.0,0.0,0.0,0.0,0.0,0.0
Jose Briceno,,C,3300,LAA,@SEA,4.51,Walker,0.308,-4%,R,R,0.224,-6%,0.031,-14%,x,x,-,0%,0%,0%,0.0,0.0,0.0,0.0,0.0,0.0,0.0,0.0,0.0
Freddy Galvis,,2B/SS,3200,CIN,@CLE,3.64,Carrasco,0.312,-3%,R,S,0.293,1%,0.156,10%,7,8,1,3%,1%,-3%,6.8,6.6,6.6,0.6,12.6,6.3,2.0,0.0,0.0
Bradley Zimmer,,OF,3200,CLE,CIN,3.86,Castillo,0.320,-1%,R,L,0.231,-2%,0.048,-9%,x,x,-,0%,0%,0%,6.0,6.0,6.0,0.3,11.7,0.0,0.0,0.0,0.0
Victor Caratini,,1B/C,3200,CHC,@KC,5.09,Keller,0.319,-1%,R,S,0.317,1%,0.144,7%,7,7,1,5%,1%,0%,4.6,4.6,4.6,1.7,7.5,7.1,2.2,0.0,0.0
Alex Gordon,,OF,3200,KC,CHC,3.91,Chatwood,0.360,8%,R,L,0.325,6%,0.146,20%,6,5,0,2%,1%,0%,4.3,4.4,4.4,-1.0,9.7,7.5,2.3,0.0,0.0
Domingo Santana,,OF,3200,CLE,CIN,3.86,Castillo,0.262,-13%,R,R,0.330,-3%,0.166,-11%,6,7,1,0%,1%,-3%,3.9,3.9,3.9,-1.2,8.9,5.1,1.6,0.0,0.0
Derek Fisher,,OF,3200,TOR,@ATL,4.36,Toussaint,,-1%,R,L,0.244,-5%,0.179,1%,x,x,-,0%,0%,0%,5.5,5.5,5.5,1.3,9.7,0.0,0.0,0.0,0.0
Scott Kingery,,2B,3200,PHI,NYY,4.37,Montgomery,0.307,-4%,L,R,0.306,3%,0.191,12%,7,7,0,2%,1%,2%,2.7,2.7,2.7,-0.5,5.9,6.7,2.1,0.0,0.0
Ildemaro Vargas,,2B/3B,3200,ARI,HOU,4.53,Bielak,,1%,R,S,0.264,-4%,0.088,-13%,x,x,-,0%,0%,0%,2.5,2.5,2.5,0.4,4.6,0.0,0.0,0.0,0.0
Bryan Holaday,,C,3200,BAL,@MIA,4.00,Yamamoto,0.304,-6%,R,R,0.292,0%,0.105,-8%,,x,,0%,0%,0%,0.0,0.0,0.0,0.0,0.0,0.0,0.0,0.0,0.0
Zack Short,,SS,3200,CHC,@KC,5.09,Keller,0.280,-9%,R,R,,-2%,,-2%,x,x,-,0%,0%,0%,0.0,0.0,0.0,0.0,0.0,0.0,0.0,0.0,0.0
Josh Rojas,,2B/OF,3200,ARI,HOU,4.53,Bielak,,1%,R,L,0.260,-2%,0.093,-7%,x,x,-,0%,0%,0%,0.0,0.0,0.0,0.0,0.0,0.0,0.0,0.0,0.0
Chad Wallach,,C,3200,MIA,BAL,4.50,LeBlanc,0.321,-1%,L,R,0.316,2%,0.077,3%,x,x,-,0%,0%,0%,0.0,0.0,0.0,0.0,0.0,0.0,0.0,0.0,0.0
Mason Williams,,OF,3200,BAL,@MIA,4.00,Yamamoto,0.252,-8%,R,L,0.323,2%,0.104,-6%,,x,,0%,0%,0%,0.0,0.0,0.0,0.0,0.0,0.0,0.0,0.0,0.0
Max Stassi,,C,3200,LAA,@SEA,4.51,Walker,0.308,-4%,R,R,0.273,-1%,0.116,-7%,8,x,0,-3%,-1%,0%,10.8,10.8,10.8,2.8,18.8,5.9,1.8,0.0,0.0
Tommy La Stella,,1B/2B,3200,LAA,@SEA,4.51,Walker,0.312,-3%,R,L,0.345,2%,0.156,6%,5,7,1,-7%,-1%,0%,5.3,5.3,5.3,1.6,8.9,6.4,2.0,0.0,0.0
Andrelton Simmons,,SS,3200,LAA,@SEA,4.51,Walker,0.308,-4%,R,R,0.300,-4%,0.102,-11%,x,x,-,0%,0%,0%,4.3,4.3,4.3,0.5,8.0,0.0,0.0,0.0,0.0
Jay Bruce,,OF,3100,PHI,NYY,4.37,Montgomery,0.253,-11%,L,L,0.300,-1%,0.204,-6%,x,x,-,0%,0%,0%,8.0,8.0,8.0,-0.9,16.9,0.0,0.0,0.0,0.0
Travis Shaw,,1B/3B,3100,TOR,@ATL,4.36,Toussaint,,-1%,R,L,0.343,10%,0.238,18%,7,5,0,1%,1%,0%,7.0,7.0,7.0,4.2,9.8,8.0,2.6,0.0,0.0
Myles Straw,,OF,3100,HOU,@ARI,4.47,Gallen,0.288,-7%,R,R,0.326,-1%,0.096,-9%,x,x,-,0%,0%,0%,6.7,6.7,6.7,-1.0,14.3,0.0,0.0,0.0,0.0
Martin Maldonado,,C,3100,HOU,@ARI,4.47,Gallen,0.288,-7%,R,R,0.279,-1%,0.142,5%,9,9,0,-1%,0%,0%,5.6,5.6,5.6,1.4,9.7,5.2,1.7,0.0,0.0
Ryan O'Hearn,,1B,3100,KC,CHC,3.91,Chatwood,0.360,8%,R,L,0.338,6%,0.251,11%,4,3,0,1%,1%,0%,6.1,6.1,6.1,-1.3,13.6,8.2,2.6,0.0,0.0
Jean Segura,,3B/SS,3100,PHI,NYY,4.37,Montgomery,0.307,-4%,L,R,0.349,7%,0.167,30%,x,x,-,0%,0%,0%,4.3,4.3,4.3,0.7,8.0,0.0,0.0,0.0,0.0
Shogo Akiyama,,OF,3100,CIN,@CLE,3.64,Carrasco,0.312,-3%,R,L,,2%,,3%,1,1,0,3%,1%,-3%,4.4,4.4,4.4,0.6,8.2,8.0,2.6,0.0,0.0
Jon Jay,,OF,3100,ARI,HOU,4.53,Bielak,,1%,R,L,0.300,-2%,0.096,47%,x,x,-,0%,0%,0%,4.0,4.0,4.0,0.4,7.6,0.0,0.0,0.0,0.0
Joe Panik,,2B,3100,TOR,@ATL,4.36,Toussaint,,-1%,R,L,0.285,0%,0.090,12%,8,x,-1,1%,1%,0%,2.6,2.6,2.6,0.8,4.4,5.6,1.8,0.0,0.0
Josh VanMeter,,2B/OF,3100,CIN,@CLE,3.64,Carrasco,0.312,-3%,R,L,0.328,1%,0.181,2%,x,x,-,0%,0%,0%,2.2,2.2,2.2,-1.7,6.1,0.0,0.0,0.0,0.0
Luis Urias,,SS,3100,MIL,@CWS,4.45,Gonzalez,0.317,-1%,L,R,0.404,7%,0.186,11%,,x,,0%,0%,0%,0.0,0.0,0.0,0.0,0.0,0.0,0.0,0.0,0.0
Scott Schebler,,OF,3100,ATL,TOR,4.64,Pearson,,1%,R,L,0.311,-1%,0.170,-2%,x,x,-,0%,0%,0%,0.0,0.0,0.0,0.0,0.0,0.0,0.0,0.0,0.0
Caleb Joseph,,C,3100,TOR,@ATL,4.36,Toussaint,0.291,-5%,R,R,0.249,-3%,0.113,-3%,x,x,-,0%,0%,0%,0.0,0.0,0.0,0.0,0.0,0.0,0.0,0.0,0.0
John Hicks,,1B/C,3100,ARI,HOU,4.53,Bielak,,-1%,R,R,0.269,-6%,0.155,-4%,x,x,-,0%,0%,0%,0.0,0.0,0.0,0.0,0.0,0.0,0.0,0.0,0.0
Clint Frazier,,OF,3100,NYY,@PHI,5.13,Eflin,0.304,-4%,R,R,0.334,0%,0.193,-3%,x,x,-,0%,0%,0%,0.0,0.0,0.0,0.0,0.0,0.0,0.0,0.0,0.0
Austin Wynns,,C,3100,BAL,@MIA,4.00,Yamamoto,0.304,-6%,R,R,0.301,-1%,0.144,-2%,,x,,0%,0%,0%,0.0,0.0,0.0,0.0,0.0,0.0,0.0,0.0,0.0
Dylan Moore,,OF,3100,SEA,LAA,3.49,Bundy,0.314,-2%,R,R,0.287,-4%,0.175,-2%,2,x,4,-2%,-1%,0%,12.4,12.4,12.4,4.6,20.3,6.9,2.2,0.0,0.0
Austin Nola,,1B/C,3100,SEA,LAA,3.49,Bundy,0.314,-2%,R,R,0.321,-2%,0.138,-10%,x,x,-,0%,0%,0%,6.2,6.2,6.2,-0.1,12.5,0.0,0.0,0.0,0.0
Evan White,,1B,3100,SEA,LAA,3.49,Bundy,0.314,-2%,R,R,,-2%,,-2%,6,7,-1,-2%,-1%,0%,4.1,3.9,3.9,-1.1,8.9,5.9,1.9,0.0,0.0
Taylor Ward,,OF,3100,LAA,@SEA,4.51,Walker,0.308,-4%,R,R,0.241,-6%,0.142,-6%,x,x,-,0%,0%,0%,4.8,4.8,4.8,-0.6,10.1,0.0,0.0,0.0,0.0
Austin Allen,,C,3100,OAK,TEX,5.07,Minor,0.283,-9%,L,L,,-6%,,-17%,x,x,-,0%,0%,0%,5.3,5.3,5.3,-2.0,12.5,0.0,0.0,0.0,0.0
Matt Thaiss,,1B/3B,3100,LAA,@SEA,4.51,Walker,0.312,-3%,R,L,0.304,0%,0.216,7%,x,x,-,0%,0%,0%,4.0,4.0,4.0,0.4,7.6,0.0,0.0,0.0,0.0
Yonathan Daza,,OF,3100,COL,SF,6.43,Anderson,0.340,4%,L,R,0.202,0%,0.000,-1%,x,x,-,0%,0%,0%,0.0,0.0,0.0,0.0,0.0,0.0,0.0,0.0,0.0
Leody Taveras,,OF,3100,TEX,@OAK,3.93,Fiers,0.315,-2%,R,S,,2%,,3%,x,x,-,0%,0%,0%,0.0,0.0,0.0,0.0,0.0,0.0,0.0,0.0,0.0
Ben Gamel,,OF,3000,MIL,@CWS,4.45,Gonzalez,0.249,-16%,L,L,0.333,0%,0.129,-3%,,7,,-5%,0%,-1%,10.5,10.5,10.5,4.7,16.3,5.5,1.8,0.0,0.0
Leury Garcia,,OF/SS,3000,CWS,MIL,4.55,Lindblom,,1%,R,S,0.275,-6%,0.089,-5%,7,7,1,-3%,0%,-1%,7.3,7.3,7.3,-4.1,18.7,5.7,1.9,0.0,0.0
Roman Quinn,,OF,3000,PHI,NYY,4.37,Montgomery,0.307,-4%,L,S,0.336,3%,0.200,10%,9,9,-1,1%,1%,2%,3.3,3.3,3.3,-0.2,6.8,6.7,2.2,0.0,0.0
Josh Phegley,,C,3000,CHC,@KC,5.09,Keller,0.280,-9%,R,R,0.270,-3%,0.139,-7%,x,x,-,0%,0%,0%,3.0,3.0,3.0,1.6,4.4,0.0,0.0,0.0,0.0
Phillip Ervin,,OF,3000,CIN,@CLE,3.64,Carrasco,0.289,-8%,R,R,0.296,-7%,0.137,-13%,x,x,-,0%,0%,0%,2.0,2.0,2.0,-0.3,4.3,0.0,0.0,0.0,0.0
Mike Freeman,,2B/SS,3000,CLE,CIN,3.86,Castillo,0.320,-1%,R,L,0.322,1%,0.099,-7%,x,x,-,0%,0%,0%,1.0,1.0,1.0,-0.4,2.4,0.0,0.0,0.0,0.0
Daulton Varsho,,OF,3000,ARI,HOU,4.53,Bielak,,%,R,,,%,,%,x,x,-,0%,0%,0%,0.0,0.0,0.0,0.0,0.0,0.0,0.0,0.0,0.0
Christian Arroyo,,3B,3000,CLE,CIN,3.86,Castillo,0.262,-13%,R,R,0.326,-1%,0.180,-1%,x,x,-,0%,0%,0%,0.0,0.0,0.0,0.0,0.0,0.0,0.0,0.0,0.0
Mark Zagunis,,OF,3000,CHC,@KC,5.09,Keller,0.280,-9%,R,R,,-2%,,-2%,x,x,-,0%,0%,0%,0.0,0.0,0.0,0.0,0.0,0.0,0.0,0.0,0.0
Ruben Tejada,,3B,3000,TOR,@ATL,4.36,Toussaint,0.291,-5%,R,R,,-2%,,-2%,x,x,-,0%,0%,0%,0.0,0.0,0.0,0.0,0.0,0.0,0.0,0.0,0.0
Jeff Mathis,,C,3000,TEX,@OAK,3.93,Fiers,0.335,2%,R,R,0.206,-8%,0.062,-17%,9,x,0,-3%,0%,0%,9.5,9.5,9.5,8.8,10.2,3.5,1.2,0.0,0.0
Chad Pinder,,2B/OF,3000,OAK,TEX,5.07,Minor,0.300,-5%,L,R,0.333,5%,0.180,2%,6,6,0,-2%,0%,0%,6.4,6.4,6.4,-0.9,13.7,6.6,2.2,0.0,0.0
Robbie Grossman,,OF,3000,OAK,TEX,5.07,Minor,0.300,-5%,L,S,0.361,10%,0.141,17%,x,x,-,0%,0%,0%,5.5,5.5,5.5,-0.4,11.4,0.0,0.0,0.0,0.0
Ronald Guzman,,1B,3000,TEX,@OAK,3.93,Fiers,0.315,-2%,R,L,0.333,8%,0.204,9%,x,x,-,0%,0%,0%,5.0,5.0,5.0,5.0,5.0,0.0,0.0,0.0,0.0
Michael Hermosillo,,OF,3000,LAA,@SEA,4.51,Walker,0.308,-4%,R,R,0.238,-5%,0.095,-8%,x,x,-,0%,0%,0%,3.5,3.5,3.5,-2.2,9.2,0.0,0.0,0.0,0.0
Dee Gordon,,2B/OF,3000,SEA,LAA,3.49,Bundy,0.348,5%,R,L,0.279,0%,0.094,28%,7,9,1,-4%,0%,0%,2.8,2.8,2.8,-0.5,6.1,6.1,2.0,0.0,0.0
Jared Walsh,,1B,3000,LAA,@SEA,4.51,Walker,0.312,-3%,R,L,0.254,-1%,0.113,-2%,x,x,-,0%,0%,0%,0.7,0.7,0.7,-0.5,1.8,0.0,0.0,0.0,0.0
Eli White,,2B,3000,TEX,@OAK,3.93,Fiers,0.335,2%,R,R,,-2%,,-2%,x,x,-,0%,0%,0%,0.0,0.0,0.0,0.0,0.0,0.0,0.0,0.0,0.0
Jason Heyward,,OF,2900,CHC,@KC,5.09,Keller,0.319,-1%,R,L,0.336,7%,0.171,22%,6,6,0,4%,1%,0%,5.2,5.2,5.2,-1.8,12.2,8.1,2.8,0.0,0.0
Andy Young,,3B,2900,ARI,HOU,4.53,Bielak,,-1%,R,R,,-2%,,-2%,x,x,-,0%,0%,0%,10.0,10.0,10.0,10.0,10.0,0.0,0.0,0.0,0.0
Thairo Estrada,,2B/SS,2900,NYY,@PHI,5.13,Eflin,0.304,-4%,R,R,0.337,-1%,0.235,1%,x,x,-,0%,0%,0%,0.0,0.0,0.0,0.0,0.0,0.0,0.0,0.0,0.0
Tucker Barnhart,,C,2900,CIN,@CLE,3.64,Carrasco,0.312,-3%,R,L,0.308,4%,0.148,15%,9,9,0,3%,1%,-3%,3.0,3.0,3.0,-0.3,6.3,4.8,1.7,0.0,0.0
Cedric Mullins,,OF,2900,BAL,@MIA,4.00,Yamamoto,0.252,-8%,R,S,0.279,0%,0.144,4%,,x,,0%,0%,0%,4.0,4.0,4.0,-1.7,9.7,0.0,0.0,0.0,0.0
Jedd Gyorko,,1B/3B,2900,MIL,@CWS,4.45,Gonzalez,0.317,-1%,L,R,0.348,6%,0.195,17%,,4,,-1%,1%,-2%,2.5,2.5,2.5,-0.4,5.4,6.0,2.1,0.0,0.0
Anthony Alford,,OF,2900,TOR,@ATL,4.36,Toussaint,0.291,-5%,R,R,,-2%,,-2%,x,x,-,0%,0%,0%,1.7,1.7,1.7,-1.2,4.6,0.0,0.0,0.0,0.0
Jace Peterson,,2B/OF,2900,MIL,@CWS,4.45,Gonzalez,0.249,-16%,L,L,0.248,-8%,0.065,-24%,,x,,0%,0%,0%,0.0,0.0,0.0,0.0,0.0,0.0,0.0,0.0,0.0
Robel Garcia,,2B,2900,CHC,@KC,5.09,Keller,0.319,-1%,R,S,0.340,2%,0.296,9%,x,x,-,0%,0%,0%,0.0,0.0,0.0,0.0,0.0,0.0,0.0,0.0,0.0
Hernan Perez,,3B/SS,2900,CHC,@KC,5.09,Keller,0.280,-9%,R,R,0.259,-9%,0.098,-24%,x,x,-,0%,0%,0%,0.0,0.0,0.0,0.0,0.0,0.0,0.0,0.0,0.0
Jonathan Davis,,OF,2900,TOR,@ATL,4.36,Toussaint,0.291,-5%,R,R,,-2%,,-2%,x,x,-,0%,0%,0%,0.0,0.0,0.0,0.0,0.0,0.0,0.0,0.0,0.0
Drew Waters,,OF,2900,ATL,TOR,4.64,Pearson,,1%,R,L,,2%,,3%,x,x,-,0%,0%,0%,0.0,0.0,0.0,0.0,0.0,0.0,0.0,0.0,0.0
Kyle Garlick,,OF,2900,PHI,NYY,4.37,Montgomery,0.307,-4%,L,R,0.393,4%,0.400,13%,x,x,-,0%,0%,0%,0.0,0.0,0.0,0.0,0.0,0.0,0.0,0.0,0.0
Richie Martin,,SS,2900,BAL,@MIA,4.00,Yamamoto,0.304,-6%,R,R,0.220,-7%,0.126,-4%,,x,,0%,0%,0%,0.0,0.0,0.0,0.0,0.0,0.0,0.0,0.0,0.0
Tim Federowicz,,C,2900,TEX,@OAK,3.93,Fiers,0.335,2%,R,R,0.265,-4%,0.234,3%,x,x,-,0%,0%,0%,0.0,0.0,0.0,0.0,0.0,0.0,0.0,0.0,0.0
Jahmai Jones,,OF,2900,LAA,@SEA,4.51,Walker,,%,R,,,%,,%,x,x,-,0%,0%,0%,0.0,0.0,0.0,0.0,0.0,0.0,0.0,0.0,0.0
Jake Fraley,,OF,2900,SEA,LAA,3.49,Bundy,0.348,5%,R,L,0.180,-1%,0.065,-1%,x,x,-,0%,0%,0%,0.0,0.0,0.0,0.0,0.0,0.0,0.0,0.0,0.0
Jason Kipnis,,2B,2800,CHC,@KC,5.09,Keller,0.319,-1%,R,L,0.316,3%,0.183,11%,x,x,-,0%,0%,0%,14.3,14.3,14.3,7.9,20.6,0.0,0.0,0.0,0.0
Dustin Garneau,,C,2800,HOU,@ARI,4.47,Gallen,0.288,-7%,R,R,0.312,-2%,0.161,-3%,x,x,-,0%,0%,0%,10.5,10.5,10.5,5.6,15.4,0.0,0.0,0.0,0.0
Nico Hoerner,,2B/SS,2800,CHC,@KC,5.09,Keller,0.280,-9%,R,R,0.305,-2%,0.134,-5%,8,x,0,0%,1%,0%,5.4,5.4,5.4,0.6,10.3,6.2,2.2,0.0,0.0
Manny Pina,,C,2800,MIL,@CWS,4.45,Gonzalez,0.317,-1%,L,R,0.316,3%,0.123,-4%,,6,,-1%,1%,-1%,4.3,4.3,4.3,2.8,5.8,5.3,1.9,0.0,0.0
Yu Chang,,3B,2800,CLE,CIN,3.86,Castillo,0.262,-13%,R,R,0.280,-3%,0.149,-3%,x,x,-,0%,0%,0%,3.5,3.5,3.5,-1.4,8.4,0.0,0.0,0.0,0.0
Christian Colon,,2B/SS,2800,CIN,@CLE,3.64,Carrasco,0.289,-8%,R,R,,-2%,,-2%,x,x,-,0%,0%,0%,6.3,6.3,6.3,-4.6,17.3,0.0,0.0,0.0,0.0
Jack Mayfield,,2B/SS,2800,HOU,@ARI,4.47,Gallen,0.288,-7%,R,R,0.153,-6%,0.125,-4%,x,x,-,0%,0%,0%,3.0,3.0,3.0,3.0,3.0,0.0,0.0,0.0,0.0
Santiago Espinal,,SS,2800,TOR,@ATL,4.36,Toussaint,0.291,-5%,R,R,,-2%,,-2%,x,x,-,0%,0%,0%,1.0,1.0,1.0,-0.7,2.7,0.0,0.0,0.0,0.0
Logan Morrison,,1B,2800,MIL,@CWS,4.45,Gonzalez,0.249,-16%,L,L,0.310,0%,0.150,-16%,,x,,0%,0%,0%,1.8,1.8,1.8,-1.8,5.3,0.0,0.0,0.0,0.0
Andrew Velazquez,,2B/SS,2800,BAL,@MIA,4.00,Yamamoto,0.252,-8%,R,S,,2%,,3%,,9,,-12%,1%,0%,1.0,1.0,1.0,-0.4,2.4,4.0,1.4,0.0,0.0
Jonathan Morales,,C,2800,ATL,TOR,4.64,Pearson,,%,R,,,%,,%,x,x,-,0%,0%,0%,0.0,0.0,0.0,0.0,0.0,0.0,0.0,0.0,0.0
Braden Shewmake,,SS,2800,ATL,TOR,4.64,Pearson,,1%,R,L,,2%,,3%,x,x,-,0%,0%,0%,0.0,0.0,0.0,0.0,0.0,0.0,0.0,0.0,0.0
Pete Kozma,,SS,2800,ATL,TOR,4.64,Pearson,,-1%,R,R,0.274,-3%,0.140,-4%,x,x,-,0%,0%,0%,0.0,0.0,0.0,0.0,0.0,0.0,0.0,0.0,0.0
Sheldon Neuse,,2B,2800,OAK,TEX,5.07,Minor,0.300,-5%,L,R,0.227,0%,0.061,2%,x,x,-,0%,0%,0%,0.0,0.0,0.0,0.0,0.0,0.0,0.0,0.0,0.0
Braden Bishop,,OF,2800,SEA,LAA,3.49,Bundy,0.314,-2%,R,R,0.143,-5%,0.000,-9%,x,x,-,0%,0%,0%,0.0,0.0,0.0,0.0,0.0,0.0,0.0,0.0,0.0
Patrick Wisdom,,1B/3B,2800,SEA,LAA,3.49,Bundy,0.314,-2%,R,R,0.321,-1%,0.234,1%,x,x,-,0%,0%,0%,0.0,0.0,0.0,0.0,0.0,0.0,0.0,0.0,0.0
Curt Casali,,C,2700,CIN,@CLE,3.64,Carrasco,0.289,-8%,R,R,0.312,-3%,0.153,-5%,x,x,-,0%,0%,0%,6.9,6.9,6.9,1.1,12.6,0.0,0.0,0.0,0.0
Adam Haseley,,OF,2700,PHI,NYY,4.37,Montgomery,0.253,-11%,L,L,0.242,-8%,0.038,-23%,x,x,-,0%,0%,0%,10.0,10.0,10.0,-0.4,20.4,0.0,0.0,0.0,0.0
Steven Souza Jr.,,OF,2700,CHC,@KC,5.09,Keller,0.280,-9%,R,R,0.281,-4%,0.116,-9%,x,x,-,0%,0%,0%,5.5,5.5,5.5,1.0,10.0,0.0,0.0,0.0,0.0
Abraham Toro,,3B,2700,HOU,@ARI,4.47,Gallen,0.287,-5%,R,S,0.355,3%,0.236,6%,x,x,-,0%,0%,0%,6.3,6.3,6.3,-2.0,14.6,0.0,0.0,0.0,0.0
Nick Madrigal,,2B,2700,CWS,MIL,4.55,Lindblom,,-1%,R,R,,-2%,,-2%,x,x,-,0%,0%,0%,5.0,5.0,5.0,-3.7,13.7,0.0,0.0,0.0,0.0
Ryan McBroom,,1B/OF,2700,KC,CHC,3.91,Chatwood,0.292,-7%,R,R,0.313,-2%,0.040,-10%,x,x,-,0%,0%,0%,5.3,5.3,5.3,-1.0,11.5,0.0,0.0,0.0,0.0
Orlando Arcia,,SS,2700,MIL,@CWS,4.45,Gonzalez,0.317,-1%,L,R,0.291,7%,0.104,2%,,8,,-2%,0%,-1%,5.2,5.2,5.2,1.7,8.7,5.6,2.1,0.0,0.0
Kyle Higashioka,,C,2700,NYY,@PHI,5.13,Eflin,0.304,-4%,R,R,0.249,-5%,0.159,-4%,x,x,-,0%,0%,0%,2.7,2.7,2.7,-2.0,7.3,0.0,0.0,0.0,0.0
Cheslor Cuthbert,,1B/3B,2700,CWS,MIL,4.55,Lindblom,,-1%,R,R,0.246,-11%,0.089,-21%,x,x,-,0%,0%,0%,0.0,0.0,0.0,0.0,0.0,0.0,0.0,0.0,0.0
Patrick Kivlehan,,1B,2700,TOR,@ATL,4.36,Toussaint,0.291,-5%,R,R,,-2%,,-2%,x,x,-,0%,0%,0%,0.0,0.0,0.0,0.0,0.0,0.0,0.0,0.0,0.0
Forrest Wall,,OF,2700,TOR,@ATL,4.36,Toussaint,,%,R,,,%,,%,x,x,-,0%,0%,0%,0.0,0.0,0.0,0.0,0.0,0.0,0.0,0.0,0.0
Ronnie Dawson,,OF,2700,HOU,@ARI,4.47,Gallen,0.287,-5%,R,L,,2%,,3%,x,x,-,0%,0%,0%,0.0,0.0,0.0,0.0,0.0,0.0,0.0,0.0,0.0
Juniel Querecuto,,3B/SS,2700,ARI,HOU,4.53,Bielak,,%,R,,,%,,%,x,x,-,0%,0%,0%,0.0,0.0,0.0,0.0,0.0,0.0,0.0,0.0,0.0
Estevan Florial,,OF,2700,NYY,@PHI,5.13,Eflin,,%,R,,,%,,%,x,x,-,0%,0%,0%,0.0,0.0,0.0,0.0,0.0,0.0,0.0,0.0,0.0
Mikie Mahtook,,OF,2700,PHI,NYY,4.37,Montgomery,0.307,-4%,L,R,0.293,3%,0.165,3%,x,x,-,0%,0%,0%,0.0,0.0,0.0,0.0,0.0,0.0,0.0,0.0,0.0
Trey Mancini,,1B/OF,2700,BAL,@MIA,4.00,Yamamoto,0.304,-6%,R,R,0.345,1%,0.211,2%,,x,,0%,0%,0%,0.0,0.0,0.0,0.0,0.0,0.0,0.0,0.0,0.0
Isiah Kiner-Falefa,,3B,2700,TEX,@OAK,3.93,Fiers,0.335,2%,R,R,0.282,-3%,0.078,-13%,7,8,1,-2%,0%,0%,6.9,6.9,6.9,0.5,13.2,5.1,1.9,0.0,0.0
Scott Heineman,,OF,2700,TEX,@OAK,3.93,Fiers,0.335,2%,R,R,0.328,-1%,0.244,2%,x,x,-,0%,0%,0%,5.6,5.6,5.6,-2.1,13.3,0.0,0.0,0.0,0.0
Jonah Heim,,C,2700,OAK,TEX,5.07,Minor,0.300,-5%,L,S,,2%,,7%,x,x,-,0%,0%,0%,0.0,0.0,0.0,0.0,0.0,0.0,0.0,0.0,0.0
Carlos Perez,,C,2700,OAK,TEX,5.07,Minor,0.300,-5%,L,R,,2%,,7%,x,x,-,0%,0%,0%,0.0,0.0,0.0,0.0,0.0,0.0,0.0,0.0,0.0
Nate Orf,,2B/OF,2700,OAK,TEX,5.07,Minor,0.300,-5%,L,R,,2%,,7%,x,x,-,0%,0%,0%,0.0,0.0,0.0,0.0,0.0,0.0,0.0,0.0,0.0
Eric Campbell,,1B/3B,2700,OAK,TEX,5.07,Minor,0.300,-5%,L,R,0.247,0%,0.000,-2%,x,x,-,0%,0%,0%,0.0,0.0,0.0,0.0,0.0,0.0,0.0,0.0,0.0
Arismendy Alcantara,,2B/SS,2700,LAA,@SEA,4.51,Walker,0.312,-3%,R,S,,2%,,3%,x,x,-,0%,0%,0%,0.0,0.0,0.0,0.0,0.0,0.0,0.0,0.0,0.0
Jose Rojas,,2B,2700,LAA,@SEA,4.51,Walker,,%,R,,,%,,%,x,x,-,0%,0%,0%,0.0,0.0,0.0,0.0,0.0,0.0,0.0,0.0,0.0
Brandon Marsh,,OF,2700,LAA,@SEA,4.51,Walker,,%,R,,,%,,%,x,x,-,0%,0%,0%,0.0,0.0,0.0,0.0,0.0,0.0,0.0,0.0,0.0
Elliot Soto,,3B/SS,2700,LAA,@SEA,4.51,Walker,,%,R,,,%,,%,x,x,-,0%,0%,0%,0.0,0.0,0.0,0.0,0.0,0.0,0.0,0.0,0.0
Jordyn Adams,,OF,2700,LAA,@SEA,4.51,Walker,0.308,-4%,R,R,,-2%,,-2%,x,x,-,0%,0%,0%,0.0,0.0,0.0,0.0,0.0,0.0,0.0,0.0,0.0
Jack Kruger,,C,2700,LAA,@SEA,4.51,Walker,0.308,-4%,R,R,,-2%,,-2%,x,x,-,0%,0%,0%,0.0,0.0,0.0,0.0,0.0,0.0,0.0,0.0,0.0
Adam Engel,,OF,2600,CWS,MIL,4.55,Lindblom,,-1%,R,R,0.270,-3%,0.110,-6%,x,x,-,0%,0%,0%,7.1,7.1,7.1,0.6,13.7,0.0,0.0,0.0,0.0
Mike Tauchman,,OF,2600,NYY,@PHI,5.13,Eflin,0.366,9%,R,L,0.329,0%,0.229,10%,1,x,5,2%,1%,2%,7.0,7.0,7.0,-1.6,15.6,7.7,3.0,0.0,0.0
Travis Jankowski,,OF,2600,CIN,@CLE,3.64,Carrasco,0.312,-3%,R,L,0.311,10%,0.089,22%,x,x,-,0%,0%,0%,4.0,4.0,4.0,4.0,4.0,0.0,0.0,0.0,0.0
Kyle Farmer,,2B/3B,2600,CIN,@CLE,3.64,Carrasco,0.289,-8%,R,R,0.263,-5%,0.153,-3%,8,x,1,-3%,1%,-3%,2.7,2.7,2.7,-2.0,7.3,4.9,1.9,0.0,0.0
Sandy Leon,,C,2600,CLE,CIN,3.86,Castillo,0.320,-1%,R,S,0.240,-6%,0.107,-9%,x,x,-,0%,0%,0%,1.7,1.7,1.7,0.5,3.0,0.0,0.0,0.0,0.0
Jake Lamb,,1B/3B,2600,ARI,HOU,4.53,Bielak,,1%,R,L,0.290,3%,0.133,-8%,x,x,-,0%,0%,0%,1.4,1.4,1.4,-1.1,3.8,0.0,0.0,0.0,0.0
Steven Baron,,C,2600,CLE,CIN,3.86,Castillo,,%,R,,,%,,%,x,x,-,0%,0%,0%,0.0,0.0,0.0,0.0,0.0,0.0,0.0,0.0,0.0
Jake Elmore,,3B/OF,2600,CLE,CIN,3.86,Castillo,0.262,-13%,R,R,,-2%,,-2%,x,x,-,0%,0%,0%,0.0,0.0,0.0,0.0,0.0,0.0,0.0,0.0,0.0
Beau Taylor,,C,2600,CLE,CIN,3.86,Castillo,0.320,-1%,R,L,0.333,2%,0.269,6%,8,x,0,2%,1%,-3%,0.0,0.0,0.0,0.0,0.0,3.5,1.3,0.0,0.0
Bo Naylor,,C,2600,CLE,CIN,3.86,Castillo,0.320,-1%,R,L,,2%,,3%,x,x,-,0%,0%,0%,0.0,0.0,0.0,0.0,0.0,0.0,0.0,0.0,0.0
Tyler Freeman,,SS,2600,CLE,CIN,3.86,Castillo,0.262,-13%,R,R,,-2%,,-2%,x,x,-,0%,0%,0%,0.0,0.0,0.0,0.0,0.0,0.0,0.0,0.0,0.0
George Valera,,OF,2600,CLE,CIN,3.86,Castillo,0.320,-1%,R,L,,2%,,3%,x,x,-,0%,0%,0%,0.0,0.0,0.0,0.0,0.0,0.0,0.0,0.0,0.0
David Freitas,,1B,2600,MIL,@CWS,4.45,Gonzalez,0.317,-1%,L,R,0.216,-1%,0.093,2%,,x,,0%,0%,0%,0.0,0.0,0.0,0.0,0.0,0.0,0.0,0.0,0.0
MJ Melendez,,C,2600,KC,CHC,3.91,Chatwood,,%,R,,,%,,%,x,x,-,0%,0%,0%,0.0,0.0,0.0,0.0,0.0,0.0,0.0,0.0,0.0
Jamie Ritchie,,C,2600,HOU,@ARI,4.47,Gallen,0.288,-7%,R,R,,-2%,,-2%,x,x,-,0%,0%,0%,0.0,0.0,0.0,0.0,0.0,0.0,0.0,0.0,0.0
Alex De Goti,,2B/SS,2600,HOU,@ARI,4.47,Gallen,0.288,-7%,R,R,,-2%,,-2%,x,x,-,0%,0%,0%,0.0,0.0,0.0,0.0,0.0,0.0,0.0,0.0,0.0
Nick Tanielu,,2B/3B,2600,HOU,@ARI,4.47,Gallen,,%,R,,,%,,%,x,x,-,0%,0%,0%,0.0,0.0,0.0,0.0,0.0,0.0,0.0,0.0,0.0
Chas McCormick,,OF,2600,HOU,@ARI,4.47,Gallen,,%,R,,,%,,%,x,x,-,0%,0%,0%,0.0,0.0,0.0,0.0,0.0,0.0,0.0,0.0,0.0
Drew Ferguson,,OF,2600,HOU,@ARI,4.47,Gallen,,%,R,,,%,,%,x,x,-,0%,0%,0%,0.0,0.0,0.0,0.0,0.0,0.0,0.0,0.0,0.0
Taylor Jones,,1B,2600,HOU,@ARI,4.47,Gallen,0.288,-7%,R,R,,-2%,,-2%,x,x,-,0%,0%,0%,0.0,0.0,0.0,0.0,0.0,0.0,0.0,0.0,0.0
Nick Martini,,OF,2600,PHI,NYY,4.37,Montgomery,0.253,-11%,L,L,0.137,-9%,0.000,-22%,x,x,-,0%,0%,0%,0.0,0.0,0.0,0.0,0.0,0.0,0.0,0.0,0.0
Eddy Alvarez,,3B/SS,2600,MIA,BAL,4.50,LeBlanc,0.328,0%,L,L,,-6%,,-17%,x,x,-,0%,0%,0%,0.0,0.0,0.0,0.0,0.0,0.0,0.0,0.0,0.0
Jose Devers,,SS,2600,MIA,BAL,4.50,LeBlanc,0.328,0%,L,L,,-6%,,-17%,x,x,-,0%,0%,0%,0.0,0.0,0.0,0.0,0.0,0.0,0.0,0.0,0.0
Jesus Sanchez,,OF,2600,MIA,BAL,4.50,LeBlanc,0.328,0%,L,L,,-6%,,-17%,x,x,-,0%,0%,0%,0.0,0.0,0.0,0.0,0.0,0.0,0.0,0.0,0.0
Jazz Chisholm,,SS,2600,MIA,BAL,4.50,LeBlanc,,%,L,,,%,,%,x,x,-,0%,0%,0%,0.0,0.0,0.0,0.0,0.0,0.0,0.0,0.0,0.0
Lewis Brinson,,OF,2600,MIA,BAL,4.50,LeBlanc,0.321,-1%,L,R,0.272,7%,0.139,13%,6,8,2,-3%,1%,0%,0.0,0.0,0.0,0.0,0.0,6.2,2.4,0.0,0.0
Brian O'Keefe,,C,2600,SEA,LAA,3.49,Bundy,,%,R,,,%,,%,x,x,-,0%,0%,0%,0.0,0.0,0.0,0.0,0.0,0.0,0.0,0.0,0.0
Sam Haggerty,,2B,2600,SEA,LAA,3.49,Bundy,0.348,5%,R,S,,2%,,3%,x,x,-,0%,0%,0%,0.0,0.0,0.0,0.0,0.0,0.0,0.0,0.0,0.0
Anthony Bemboom,,C,2600,LAA,@SEA,4.51,Walker,0.312,-3%,R,L,0.114,-4%,0.020,-6%,x,x,-,0%,0%,0%,0.0,0.0,0.0,0.0,0.0,0.0,0.0,0.0,0.0
Donovan Walton,,SS,2600,SEA,LAA,3.49,Bundy,0.348,5%,R,L,,2%,,3%,x,x,-,0%,0%,0%,0.0,0.0,0.0,0.0,0.0,0.0,0.0,0.0,0.0
Brett Phillips,,OF,2500,KC,CHC,3.91,Chatwood,0.360,8%,R,L,0.250,-3%,0.145,2%,x,x,-,0%,0%,0%,6.2,6.2,6.2,-3.8,16.2,0.0,0.0,0.0,0.0
Pat Valaika,,2B/3B,2500,BAL,@MIA,4.00,Yamamoto,0.304,-6%,R,R,0.168,-10%,0.032,-18%,,x,,0%,0%,0%,6.3,6.3,6.3,0.9,11.6,0.0,0.0,0.0,0.0
Nicky Lopez,,2B/SS,2500,KC,CHC,3.91,Chatwood,0.360,8%,R,L,0.251,-4%,0.088,-7%,8,8,1,4%,1%,0%,3.1,3.1,3.1,0.5,5.8,5.3,2.1,0.0,0.0
Alex Blandino,,2B/3B,2500,CIN,@CLE,3.64,Carrasco,0.289,-8%,R,R,0.289,-3%,0.100,-8%,x,x,-,0%,0%,0%,0.0,0.0,0.0,0.0,0.0,0.0,0.0,0.0,0.0
Kelvin Gutierrez,,3B,2500,KC,CHC,3.91,Chatwood,0.292,-7%,R,R,0.228,-4%,0.040,-10%,x,x,-,0%,0%,0%,0.0,0.0,0.0,0.0,0.0,0.0,0.0,0.0,0.0
Andy Burns,,1B,2500,TOR,@ATL,4.36,Toussaint,0.291,-5%,R,R,,-2%,,-2%,x,x,-,0%,0%,0%,0.0,0.0,0.0,0.0,0.0,0.0,0.0,0.0,0.0
Trayce Thompson,,OF,2500,ARI,HOU,4.53,Bielak,,-1%,R,R,0.153,-9%,0.075,-11%,x,x,-,0%,0%,0%,0.0,0.0,0.0,0.0,0.0,0.0,0.0,0.0,0.0
Wyatt Mathisen,,2B/3B,2500,ARI,HOU,4.53,Bielak,,%,R,,,%,,%,x,x,-,0%,0%,0%,0.0,0.0,0.0,0.0,0.0,0.0,0.0,0.0,0.0
Matt Duffy,,3B/SS,2500,NYY,@PHI,5.13,Eflin,0.304,-4%,R,R,,-2%,,-2%,x,x,-,0%,0%,0%,0.0,0.0,0.0,0.0,0.0,0.0,0.0,0.0,0.0
Rosell Herrera,,2B/OF,2500,NYY,@PHI,5.13,Eflin,0.366,9%,R,S,0.290,4%,0.096,-3%,x,x,-,0%,0%,0%,0.0,0.0,0.0,0.0,0.0,0.0,0.0,0.0,0.0
Jose Marmolejos,,OF,2500,SEA,LAA,3.49,Bundy,0.348,5%,R,L,,2%,,3%,x,x,-,0%,0%,0%,3.4,3.4,3.4,-3.2,10.0,0.0,0.0,0.0,0.0
Vimael Machin,,2B,2500,OAK,TEX,5.07,Minor,0.283,-9%,L,L,,-6%,,-17%,x,x,-,0%,0%,0%,0.0,0.0,0.0,0.0,0.0,0.0,0.0,0.0,0.0
Joe Hudson,,C,2500,SEA,LAA,3.49,Bundy,0.314,-2%,R,R,,-2%,,-2%,9,x,0,-4%,0%,0%,1.7,1.7,1.7,-1.2,4.6,3.0,1.2,0.0,0.0
Adolis Garcia,,OF,2500,TEX,@OAK,3.93,Fiers,0.335,2%,R,R,,-2%,,-2%,x,x,-,0%,0%,0%,0.0,0.0,0.0,0.0,0.0,0.0,0.0,0.0,0.0
Nick Ciuffo,,C,2500,TEX,@OAK,3.93,Fiers,0.315,-2%,R,L,0.239,0%,0.114,0%,x,x,-,0%,0%,0%,0.0,0.0,0.0,0.0,0.0,0.0,0.0,0.0,0.0
Josh Jung,,3B,2500,TEX,@OAK,3.93,Fiers,0.335,2%,R,R,,-2%,,-2%,x,x,-,0%,0%,0%,0.0,0.0,0.0,0.0,0.0,0.0,0.0,0.0,0.0
Sherten Apostel,,3B,2500,TEX,@OAK,3.93,Fiers,0.335,2%,R,R,,-2%,,-2%,x,x,-,0%,0%,0%,0.0,0.0,0.0,0.0,0.0,0.0,0.0,0.0,0.0
Tyler Stephenson,,C,2400,CIN,@CLE,3.64,Carrasco,0.289,-8%,R,R,,-2%,,-2%,x,x,-,0%,0%,0%,23.0,23.0,23.0,23.0,23.0,0.0,0.0,0.0,0.0
Phil Gosselin,,3B/OF,2400,PHI,NYY,4.37,Montgomery,0.307,-4%,L,R,0.307,2%,0.069,-6%,5,8,2,2%,1%,2%,17.0,17.0,17.0,1.4,32.6,5.2,2.2,0.0,0.0
Bubba Starling,,OF,2400,KC,CHC,3.91,Chatwood,0.292,-7%,R,R,,-2%,,-2%,x,x,-,0%,0%,0%,2.8,2.8,2.8,0.5,5.1,0.0,0.0,0.0,0.0
Oscar Hernandez,,C,2400,KC,CHC,3.91,Chatwood,0.292,-7%,R,R,,-2%,,-2%,x,x,-,0%,0%,0%,5.0,5.0,5.0,5.0,5.0,0.0,0.0,0.0,0.0
Nick Heath,,OF,2400,KC,CHC,3.91,Chatwood,0.360,8%,R,L,,2%,,3%,x,x,-,0%,0%,0%,0.0,0.0,0.0,0.0,0.0,0.0,0.0,0.0,0.0
Matt Davidson,,1B/3B,2400,CIN,@CLE,3.64,Carrasco,0.289,-8%,R,R,0.300,-5%,0.184,-4%,x,x,-,0%,0%,0%,2.5,2.5,2.5,-1.0,6.0,0.0,0.0,0.0,0.0
Michael Lorenzen,,OF,2400,CIN,@CLE,3.64,Carrasco,,%,R,,0.349,%,0.259,%,x,x,-,0%,0%,0%,0.0,0.0,0.0,0.0,0.0,0.0,0.0,0.0,0.0
Francisco Pena,,C,2400,CIN,@CLE,3.64,Carrasco,0.289,-8%,R,R,0.237,-5%,0.051,-15%,x,x,-,0%,0%,0%,0.0,0.0,0.0,0.0,0.0,0.0,0.0,0.0,0.0
Alfredo Rodriguez,,SS,2400,CIN,@CLE,3.64,Carrasco,0.289,-8%,R,R,,-2%,,-2%,x,x,-,0%,0%,0%,0.0,0.0,0.0,0.0,0.0,0.0,0.0,0.0,0.0
Mark Payton,,OF,2400,CIN,@CLE,3.64,Carrasco,0.312,-3%,R,L,,2%,,3%,x,x,-,0%,0%,0%,0.0,0.0,0.0,0.0,0.0,0.0,0.0,0.0,0.0
Jose Garcia,,SS,2400,CIN,@CLE,3.64,Carrasco,,%,R,,,%,,%,x,x,-,0%,0%,0%,0.0,0.0,0.0,0.0,0.0,0.0,0.0,0.0,0.0
Nick Dini,,C,2400,KC,CHC,3.91,Chatwood,0.292,-7%,R,R,0.241,-3%,0.143,-3%,x,x,-,0%,0%,0%,0.0,0.0,0.0,0.0,0.0,0.0,0.0,0.0,0.0
Sebastian Rivero,,C,2400,KC,CHC,3.91,Chatwood,0.292,-7%,R,R,,-2%,,-2%,x,x,-,0%,0%,0%,0.0,0.0,0.0,0.0,0.0,0.0,0.0,0.0,0.0
Jeison Guzman,,SS,2400,KC,CHC,3.91,Chatwood,0.360,8%,R,L,,2%,,3%,x,x,-,0%,0%,0%,0.0,0.0,0.0,0.0,0.0,0.0,0.0,0.0,0.0
Nick Pratto,,1B,2400,KC,CHC,3.91,Chatwood,,%,R,,,%,,%,x,x,-,0%,0%,0%,0.0,0.0,0.0,0.0,0.0,0.0,0.0,0.0,0.0
Bobby Witt Jr.,,SS,2400,KC,CHC,3.91,Chatwood,0.292,-7%,R,R,,-2%,,-2%,x,x,-,0%,0%,0%,0.0,0.0,0.0,0.0,0.0,0.0,0.0,0.0,0.0
Matt Reynolds,,2B/3B,2400,KC,CHC,3.91,Chatwood,0.292,-7%,R,R,,-2%,,-2%,x,x,-,0%,0%,0%,0.0,0.0,0.0,0.0,0.0,0.0,0.0,0.0,0.0
Kyle Isbel,,OF,2400,KC,CHC,3.91,Chatwood,0.360,8%,R,L,,2%,,3%,x,x,-,0%,0%,0%,0.0,0.0,0.0,0.0,0.0,0.0,0.0,0.0,0.0
Humberto Arteaga,,2B/SS,2400,KC,CHC,3.91,Chatwood,0.292,-7%,R,R,0.204,-7%,0.035,-16%,x,x,-,0%,0%,0%,0.0,0.0,0.0,0.0,0.0,0.0,0.0,0.0,0.0
Cam Gallagher,,C,2400,KC,CHC,3.91,Chatwood,0.292,-7%,R,R,0.292,-2%,0.112,-9%,x,x,-,0%,0%,0%,0.0,0.0,0.0,0.0,0.0,0.0,0.0,0.0,0.0
Meibrys Viloria,,C,2400,KC,CHC,3.91,Chatwood,0.360,8%,R,L,0.270,-1%,0.096,-6%,x,x,-,0%,0%,0%,0.0,0.0,0.0,0.0,0.0,0.0,0.0,0.0,0.0
Erick Mejia,,3B/OF,2400,KC,CHC,3.91,Chatwood,0.360,8%,R,S,,2%,,3%,x,x,-,0%,0%,0%,0.0,0.0,0.0,0.0,0.0,0.0,0.0,0.0,0.0
Ryan McKenna,,OF,2400,BAL,@MIA,4.00,Yamamoto,0.304,-6%,R,R,,-2%,,-2%,,x,,0%,0%,0%,0.0,0.0,0.0,0.0,0.0,0.0,0.0,0.0,0.0
Dilson Herrera,,1B,2400,BAL,@MIA,4.00,Yamamoto,0.304,-6%,R,R,,-2%,,-2%,,x,,0%,0%,0%,0.0,0.0,0.0,0.0,0.0,0.0,0.0,0.0,0.0
Ryan Mountcastle,,OF,2400,BAL,@MIA,4.00,Yamamoto,0.304,-6%,R,R,,-2%,,-2%,,x,,0%,0%,0%,0.0,0.0,0.0,0.0,0.0,0.0,0.0,0.0,0.0
Ramon Urias,,SS,2400,BAL,@MIA,4.00,Yamamoto,,%,R,,,%,,%,,x,,0%,0%,0%,0.0,0.0,0.0,0.0,0.0,0.0,0.0,0.0,0.0
Rob Refsnyder,,1B,2400,TEX,@OAK,3.93,Fiers,0.335,2%,R,R,0.260,-3%,0.029,-9%,x,x,-,0%,0%,0%,4.3,4.3,4.3,1.6,6.9,0.0,0.0,0.0,0.0
Yadiel Rivera,,3B/SS,2400,TEX,@OAK,3.93,Fiers,0.335,2%,R,R,0.190,-9%,0.040,-19%,x,x,-,0%,0%,0%,0.0,0.0,0.0,0.0,0.0,0.0,0.0,0.0,0.0
Andrew Knapp,,C,2300,PHI,NYY,4.37,Montgomery,0.307,-4%,L,S,0.292,2%,0.081,-3%,x,x,-,0%,0%,0%,5.0,5.0,5.0,5.0,5.0,0.0,0.0,0.0,0.0
Nicky Delmonico,,OF,2300,CWS,MIL,4.55,Lindblom,,1%,R,L,0.287,-2%,0.147,-2%,x,x,-,0%,0%,0%,3.2,3.2,3.2,0.2,6.1,0.0,0.0,0.0,0.0
Mark Mathias,,OF,2300,MIL,@CWS,4.45,Gonzalez,0.317,-1%,L,R,,2%,,7%,,x,,0%,0%,0%,5.0,5.0,5.0,5.0,5.0,0.0,0.0,0.0,0.0
Ryan Goins,,3B/OF,2300,CWS,MIL,4.55,Lindblom,,1%,R,L,0.252,-3%,0.072,-11%,x,x,-,0%,0%,0%,0.0,0.0,0.0,0.0,0.0,0.0,0.0,0.0,0.0
Corey Ray,,OF,2300,MIL,@CWS,4.45,Gonzalez,,%,L,,,%,,%,,x,,0%,0%,0%,0.0,0.0,0.0,0.0,0.0,0.0,0.0,0.0,0.0
Josh Palacios,,OF,2300,TOR,@ATL,4.36,Toussaint,,-1%,R,L,,2%,,3%,x,x,-,0%,0%,0%,0.0,0.0,0.0,0.0,0.0,0.0,0.0,0.0,0.0
Chris Iannetta,,C,2300,NYY,@PHI,5.13,Eflin,0.304,-4%,R,R,0.318,-3%,0.201,9%,x,x,-,0%,0%,0%,0.0,0.0,0.0,0.0,0.0,0.0,0.0,0.0,0.0
Danny Mendick,,2B/SS,2200,CWS,MIL,4.55,Lindblom,,-1%,R,R,,-2%,,-2%,9,8,0,-1%,0%,-1%,4.4,4.4,4.4,-0.1,8.9,5.7,2.6,0.0,0.0
Albert Almora Jr.,,OF,2200,CHC,@KC,5.09,Keller,0.280,-9%,R,R,0.294,-3%,0.127,1%,x,x,-,0%,0%,0%,2.3,2.3,2.3,0.3,4.4,0.0,0.0,0.0,0.0
Keon Broxton,,OF,2200,MIL,@CWS,4.45,Gonzalez,0.317,-1%,L,R,0.322,7%,0.181,6%,,x,,0%,0%,0%,0.0,0.0,0.0,0.0,0.0,0.0,0.0,0.0,0.0
Yermin Mercedes,,C,2100,CWS,MIL,4.55,Lindblom,,-1%,R,R,,-2%,,-2%,x,x,-,0%,0%,0%,0.0,0.0,0.0,0.0,0.0,0.0,0.0,0.0,0.0
Andrew Vaughn,,1B,2100,CWS,MIL,4.55,Lindblom,,-1%,R,R,,-2%,,-2%,x,x,-,0%,0%,0%,0.0,0.0,0.0,0.0,0.0,0.0,0.0,0.0,0.0
Andrew Romine,,2B/OF,2100,CWS,MIL,4.55,Lindblom,,1%,R,S,0.240,-1%,0.053,-7%,x,x,-,0%,0%,0%,0.0,0.0,0.0,0.0,0.0,0.0,0.0,0.0,0.0
Luis Gonzalez,,OF,2100,CWS,MIL,4.55,Lindblom,,1%,R,L,,2%,,3%,x,x,-,0%,0%,0%,0.0,0.0,0.0,0.0,0.0,0.0,0.0,0.0,0.0
Brennen Davis,,OF,2100,CHC,@KC,5.09,Keller,0.280,-9%,R,R,,-2%,,-2%,x,x,-,0%,0%,0%,0.0,0.0,0.0,0.0,0.0,0.0,0.0,0.0,0.0
Jose Lobaton,,C,2100,CHC,@KC,5.09,Keller,0.319,-1%,R,S,0.256,1%,0.125,1%,x,x,-,0%,0%,0%,0.0,0.0,0.0,0.0,0.0,0.0,0.0,0.0,0.0
Kyle Holder,,SS,2100,NYY,@PHI,5.13,Eflin,0.366,9%,R,L,,2%,,3%,x,x,-,0%,0%,0%,0.0,0.0,0.0,0.0,0.0,0.0,0.0,0.0,0.0
Deivy Grullon,,C,2100,PHI,NYY,4.37,Montgomery,0.307,-4%,L,R,,2%,,7%,x,x,-,0%,0%,0%,0.0,0.0,0.0,0.0,0.0,0.0,0.0,0.0,0.0
Ronald Torreyes,,SS,2100,PHI,NYY,4.37,Montgomery,0.307,-4%,L,R,0.281,-1%,0.054,-13%,x,x,-,0%,0%,0%,0.0,0.0,0.0,0.0,0.0,0.0,0.0,0.0,0.0
Seby Zavala,,C,2000,CWS,MIL,4.55,Lindblom,,%,R,,,%,,%,x,x,-,0%,0%,0%,0.0,0.0,0.0,0.0,0.0,0.0,0.0,0.0,0.0
Daniel Descalso,,2B,2000,CHC,@KC,5.09,Keller,0.319,-1%,R,L,0.303,0%,0.151,-4%,x,x,-,0%,0%,0%,0.0,0.0,0.0,0.0,0.0,0.0,0.0,0.0,0.0
P.J. Higgins,,C,2000,CHC,@KC,5.09,Keller,,%,R,,,%,,%,x,x,-,0%,0%,0%,0.0,0.0,0.0,0.0,0.0,0.0,0.0,0.0,0.0
Zack Granite,,OF,2000,NYY,@PHI,5.13,Eflin,0.366,9%,R,L,,2%,,3%,x,x,-,0%,0%,0%,0.0,0.0,0.0,0.0,0.0,0.0,0.0,0.0,0.0
Josh Thole,,C,2000,NYY,@PHI,5.13,Eflin,0.366,9%,R,L,,2%,,3%,x,x,-,0%,0%,0%,0.0,0.0,0.0,0.0,0.0,0.0,0.0,0.0,0.0
Erik Kratz,,C,2000,NYY,@PHI,5.13,Eflin,0.304,-4%,R,R,0.252,-6%,0.097,-14%,x,x,-,0%,0%,0%,0.0,0.0,0.0,0.0,0.0,0.0,0.0,0.0,0.0
Logan O'Hoppe,,C,2000,PHI,NYY,4.37,Montgomery,0.307,-4%,L,R,,2%,,7%,x,x,-,0%,0%,0%,0.0,0.0,0.0,0.0,0.0,0.0,0.0,0.0,0.0
Alec Bohm,,3B,2000,PHI,NYY,4.37,Montgomery,0.307,-4%,L,R,,2%,,7%,x,x,-,0%,0%,0%,0.0,0.0,0.0,0.0,0.0,0.0,0.0,0.0,0.0
Rafael Marchan,,C,2000,PHI,NYY,4.37,Montgomery,0.253,-11%,L,L,,-6%,,-17%,x,x,-,0%,0%,0%,0.0,0.0,0.0,0.0,0.0,0.0,0.0,0.0,0.0
Nick Williams,,OF,2000,PHI,NYY,4.37,Montgomery,0.253,-11%,L,L,0.286,-6%,0.104,-22%,x,x,-,0%,0%,0%,0.0,0.0,0.0,0.0,0.0,0.0,0.0,0.0,0.0
